<?xml version="1.0" encoding="UTF-8"?>
<PeakList>
  <PeakList1D>
    <PeakList1DHeader creator="nmrstaff" date="2020-06-04T05:26:36.264+10:00" expNo="1" name="200603_nsmi3063_50036407746" owner="" procNo="1" source="C:/NMRDATA/RENDINA/RENDINA">
      <PeakPickDetails>F1=15.997400ppm, F2=-3.997401ppm, MI=0.00cm, MAXI=10000.00cm, PC=1.000
      </PeakPickDetails>
    </PeakList1DHeader>
    <Peak1D F1="15.017685" intensity="3.322688e-002" type="0"/>
    <Peak1D F1="13.112019" intensity="1.473646e-001" type="0"/>
    <Peak1D F1="9.981068" intensity="3.781979e-002" type="0"/>
    <Peak1D F1="8.070338" intensity="1.983757e-002" type="0"/>
    <Peak1D F1="7.948538" intensity="4.980223e-002" type="0"/>
    <Peak1D F1="7.932180" intensity="4.784757e-002" type="0"/>
    <Peak1D F1="7.927919" intensity="5.448090e-002" type="0"/>
    <Peak1D F1="7.924587" intensity="3.670072e-002" type="0"/>
    <Peak1D F1="7.910859" intensity="6.450289e-002" type="0"/>
    <Peak1D F1="7.907692" intensity="3.827584e-002" type="0"/>
    <Peak1D F1="7.905311" intensity="3.495721e-002" type="0"/>
    <Peak1D F1="7.900945" intensity="7.955554e-002" type="0"/>
    <Peak1D F1="7.897411" intensity="5.397381e-002" type="0"/>
    <Peak1D F1="7.893830" intensity="8.256489e-002" type="0"/>
    <Peak1D F1="7.887756" intensity="5.148698e-002" type="0"/>
    <Peak1D F1="7.883853" intensity="9.374872e-002" type="0"/>
    <Peak1D F1="7.877099" intensity="1.201808e-001" type="0"/>
    <Peak1D F1="7.873059" intensity="5.898649e-002" type="0"/>
    <Peak1D F1="7.859560" intensity="1.132112e-001" type="0"/>
    <Peak1D F1="7.855250" intensity="8.186124e-002" type="0"/>
    <Peak1D F1="7.853302" intensity="1.074595e-001" type="0"/>
    <Peak1D F1="7.846199" intensity="1.314074e-001" type="0"/>
    <Peak1D F1="7.842061" intensity="1.435707e-001" type="0"/>
    <Peak1D F1="7.836417" intensity="2.493619e-001" type="0"/>
    <Peak1D F1="7.833113" intensity="9.974846e-001" type="0"/>
    <Peak1D F1="7.829247" intensity="4.801575e-001" type="0"/>
    <Peak1D F1="7.819838" intensity="5.855417e-001" type="0"/>
    <Peak1D F1="7.815799" intensity="1.949142e+000" type="0"/>
    <Peak1D F1="7.812222" intensity="4.147474e-001" type="0"/>
    <Peak1D F1="7.802710" intensity="1.125338e-001" type="0"/>
    <Peak1D F1="7.797899" intensity="3.551244e-001" type="0"/>
    <Peak1D F1="7.794336" intensity="1.667881e-001" type="0"/>
    <Peak1D F1="7.785063" intensity="4.930235e-001" type="0"/>
    <Peak1D F1="7.781435" intensity="2.230247e+000" type="0"/>
    <Peak1D F1="7.777465" intensity="6.221849e-001" type="0"/>
    <Peak1D F1="7.768041" intensity="4.408849e-001" type="0"/>
    <Peak1D F1="7.764337" intensity="1.024871e+000" type="0"/>
    <Peak1D F1="7.760334" intensity="2.542677e-001" type="0"/>
    <Peak1D F1="7.758398" intensity="2.112214e-001" type="0"/>
    <Peak1D F1="7.750195" intensity="2.822138e-001" type="0"/>
    <Peak1D F1="7.745375" intensity="1.418534e+000" type="0"/>
    <Peak1D F1="7.741710" intensity="5.884323e-001" type="0"/>
    <Peak1D F1="7.728734" intensity="2.064523e+000" type="0"/>
    <Peak1D F1="7.717290" intensity="4.118930e-001" type="0"/>
    <Peak1D F1="7.713113" intensity="7.860044e-001" type="0"/>
    <Peak1D F1="7.712193" intensity="7.841791e-001" type="0"/>
    <Peak1D F1="7.707280" intensity="2.312924e-001" type="0"/>
    <Peak1D F1="7.703608" intensity="2.244699e-001" type="0"/>
    <Peak1D F1="7.701232" intensity="2.386316e-001" type="0"/>
    <Peak1D F1="7.696612" intensity="1.947564e-001" type="0"/>
    <Peak1D F1="7.691015" intensity="4.944617e-001" type="0"/>
    <Peak1D F1="7.686060" intensity="2.541449e+000" type="0"/>
    <Peak1D F1="7.682118" intensity="1.116186e+000" type="0"/>
    <Peak1D F1="7.675382" intensity="2.756599e+000" type="0"/>
    <Peak1D F1="7.672653" intensity="1.614333e+000" type="0"/>
    <Peak1D F1="7.668662" intensity="3.152763e+000" type="0"/>
    <Peak1D F1="7.658819" intensity="2.702505e+000" type="0"/>
    <Peak1D F1="7.654102" intensity="4.888284e-001" type="0"/>
    <Peak1D F1="7.649662" intensity="1.937694e-001" type="0"/>
    <Peak1D F1="7.645406" intensity="1.651914e-001" type="0"/>
    <Peak1D F1="7.643163" intensity="1.444665e-001" type="0"/>
    <Peak1D F1="7.635073" intensity="1.366541e-001" type="0"/>
    <Peak1D F1="7.621541" intensity="1.102831e-001" type="0"/>
    <Peak1D F1="7.618040" intensity="1.408088e-001" type="0"/>
    <Peak1D F1="7.610709" intensity="6.916489e-002" type="0"/>
    <Peak1D F1="7.608838" intensity="6.673512e-002" type="0"/>
    <Peak1D F1="7.604747" intensity="8.343402e-002" type="0"/>
    <Peak1D F1="7.601410" intensity="6.571335e-002" type="0"/>
    <Peak1D F1="7.593277" intensity="7.719230e-002" type="0"/>
    <Peak1D F1="7.583054" intensity="8.542272e-002" type="0"/>
    <Peak1D F1="7.576660" intensity="8.286840e-002" type="0"/>
    <Peak1D F1="7.570444" intensity="5.923861e-002" type="0"/>
    <Peak1D F1="7.566073" intensity="8.862547e-002" type="0"/>
    <Peak1D F1="7.561689" intensity="8.477306e-002" type="0"/>
    <Peak1D F1="7.556908" intensity="1.047489e-001" type="0"/>
    <Peak1D F1="7.552794" intensity="6.696352e-002" type="0"/>
    <Peak1D F1="7.548422" intensity="7.078137e-002" type="0"/>
    <Peak1D F1="7.544133" intensity="6.832004e-002" type="0"/>
    <Peak1D F1="7.539374" intensity="9.571884e-002" type="0"/>
    <Peak1D F1="7.533674" intensity="7.496430e-002" type="0"/>
    <Peak1D F1="7.520267" intensity="5.973144e-002" type="0"/>
    <Peak1D F1="7.516515" intensity="8.214518e-002" type="0"/>
    <Peak1D F1="7.508077" intensity="5.466895e-002" type="0"/>
    <Peak1D F1="7.497649" intensity="7.088792e-002" type="0"/>
    <Peak1D F1="7.489789" intensity="6.953437e-002" type="0"/>
    <Peak1D F1="7.487335" intensity="5.600645e-002" type="0"/>
    <Peak1D F1="7.483617" intensity="5.411790e-002" type="0"/>
    <Peak1D F1="7.479973" intensity="6.741041e-002" type="0"/>
    <Peak1D F1="7.470271" intensity="5.288372e-002" type="0"/>
    <Peak1D F1="7.461835" intensity="1.014076e-001" type="0"/>
    <Peak1D F1="7.456733" intensity="5.251775e-002" type="0"/>
    <Peak1D F1="7.451928" intensity="5.200291e-002" type="0"/>
    <Peak1D F1="7.448661" intensity="5.131439e-002" type="0"/>
    <Peak1D F1="7.439666" intensity="7.407841e-002" type="0"/>
    <Peak1D F1="7.430430" intensity="1.648714e-001" type="0"/>
    <Peak1D F1="7.424877" intensity="4.247882e-001" type="0"/>
    <Peak1D F1="7.420080" intensity="2.738195e+000" type="0"/>
    <Peak1D F1="7.416090" intensity="8.594760e-001" type="0"/>
    <Peak1D F1="7.406637" intensity="8.097783e-001" type="0"/>
    <Peak1D F1="7.402684" intensity="2.422224e+000" type="0"/>
    <Peak1D F1="7.397824" intensity="3.332728e-001" type="0"/>
    <Peak1D F1="7.388371" intensity="9.554089e-002" type="0"/>
    <Peak1D F1="7.376408" intensity="1.311560e-001" type="0"/>
    <Peak1D F1="7.372956" intensity="1.697986e-001" type="0"/>
    <Peak1D F1="7.363478" intensity="7.805856e-002" type="0"/>
    <Peak1D F1="7.356629" intensity="1.482655e-001" type="0"/>
    <Peak1D F1="7.347111" intensity="8.910950e-002" type="0"/>
    <Peak1D F1="7.344333" intensity="8.686413e-002" type="0"/>
    <Peak1D F1="7.340880" intensity="1.027278e-001" type="0"/>
    <Peak1D F1="7.332287" intensity="7.292636e-002" type="0"/>
    <Peak1D F1="7.322806" intensity="5.915023e-002" type="0"/>
    <Peak1D F1="7.319535" intensity="6.401314e-002" type="0"/>
    <Peak1D F1="7.315463" intensity="5.561337e-002" type="0"/>
    <Peak1D F1="7.305194" intensity="6.756474e-002" type="0"/>
    <Peak1D F1="7.300769" intensity="8.496742e-002" type="0"/>
    <Peak1D F1="7.295461" intensity="1.240787e-001" type="0"/>
    <Peak1D F1="7.283177" intensity="3.454388e+000" type="0"/>
    <Peak1D F1="7.270647" intensity="7.790603e-002" type="0"/>
    <Peak1D F1="7.268384" intensity="8.681118e-002" type="0"/>
    <Peak1D F1="7.265963" intensity="6.753960e-002" type="0"/>
    <Peak1D F1="7.256684" intensity="5.940549e-002" type="0"/>
    <Peak1D F1="7.253549" intensity="8.269175e-002" type="0"/>
    <Peak1D F1="7.249830" intensity="4.666470e-002" type="0"/>
    <Peak1D F1="7.240990" intensity="5.143688e-002" type="0"/>
    <Peak1D F1="7.238457" intensity="6.595124e-002" type="0"/>
    <Peak1D F1="7.235685" intensity="6.748900e-002" type="0"/>
    <Peak1D F1="7.230592" intensity="4.527051e-002" type="0"/>
    <Peak1D F1="7.221771" intensity="5.837032e-002" type="0"/>
    <Peak1D F1="7.207949" intensity="4.541751e-002" type="0"/>
    <Peak1D F1="7.199907" intensity="3.453719e-002" type="0"/>
    <Peak1D F1="7.194347" intensity="3.458555e-002" type="0"/>
    <Peak1D F1="7.190975" intensity="3.577709e-002" type="0"/>
    <Peak1D F1="7.179305" intensity="7.468506e-002" type="0"/>
    <Peak1D F1="7.167566" intensity="2.897786e-001" type="0"/>
    <Peak1D F1="7.163580" intensity="1.546148e-001" type="0"/>
    <Peak1D F1="7.158725" intensity="1.083924e-001" type="0"/>
    <Peak1D F1="7.154461" intensity="1.407176e-001" type="0"/>
    <Peak1D F1="7.150867" intensity="2.894261e-001" type="0"/>
    <Peak1D F1="7.145827" intensity="1.163410e-001" type="0"/>
    <Peak1D F1="7.141943" intensity="1.238672e-001" type="0"/>
    <Peak1D F1="7.137273" intensity="1.274790e-001" type="0"/>
    <Peak1D F1="7.132631" intensity="5.908186e-001" type="0"/>
    <Peak1D F1="7.128850" intensity="2.480428e-001" type="0"/>
    <Peak1D F1="7.123964" intensity="1.321153e-001" type="0"/>
    <Peak1D F1="7.119186" intensity="3.165264e-001" type="0"/>
    <Peak1D F1="7.114980" intensity="8.992096e-001" type="0"/>
    <Peak1D F1="7.113239" intensity="1.172921e+000" type="0"/>
    <Peak1D F1="7.096258" intensity="1.052444e+000" type="0"/>
    <Peak1D F1="7.083592" intensity="9.108995e-002" type="0"/>
    <Peak1D F1="7.072790" intensity="3.404749e-001" type="0"/>
    <Peak1D F1="7.068605" intensity="2.159590e+000" type="0"/>
    <Peak1D F1="7.064398" intensity="1.049496e+000" type="0"/>
    <Peak1D F1="7.060235" intensity="3.052227e-001" type="0"/>
    <Peak1D F1="7.051796" intensity="2.070635e+000" type="0"/>
    <Peak1D F1="7.047221" intensity="6.898858e-001" type="0"/>
    <Peak1D F1="7.042612" intensity="1.400508e-001" type="0"/>
    <Peak1D F1="7.033292" intensity="1.049427e-001" type="0"/>
    <Peak1D F1="7.021066" intensity="6.735650e-002" type="0"/>
    <Peak1D F1="7.017016" intensity="1.213265e-001" type="0"/>
    <Peak1D F1="7.008799" intensity="4.305029e-002" type="0"/>
    <Peak1D F1="7.004130" intensity="5.332367e-002" type="0"/>
    <Peak1D F1="7.000666" intensity="6.181062e-002" type="0"/>
    <Peak1D F1="6.985066" intensity="1.216997e-001" type="0"/>
    <Peak1D F1="6.980718" intensity="7.087635e-001" type="0"/>
    <Peak1D F1="6.964024" intensity="6.883744e-001" type="0"/>
    <Peak1D F1="6.949818" intensity="9.799533e-002" type="0"/>
    <Peak1D F1="6.932917" intensity="1.021627e-001" type="0"/>
    <Peak1D F1="6.930140" intensity="2.493167e-001" type="0"/>
    <Peak1D F1="6.926467" intensity="9.400582e-002" type="0"/>
    <Peak1D F1="6.917214" intensity="9.078490e-002" type="0"/>
    <Peak1D F1="6.913353" intensity="2.512169e-001" type="0"/>
    <Peak1D F1="6.908947" intensity="6.608461e-002" type="0"/>
    <Peak1D F1="6.895365" intensity="4.733545e-002" type="0"/>
    <Peak1D F1="6.887330" intensity="3.193349e-002" type="0"/>
    <Peak1D F1="6.875085" intensity="4.790276e-002" type="0"/>
    <Peak1D F1="6.858744" intensity="6.353582e-002" type="0"/>
    <Peak1D F1="6.851451" intensity="4.396379e-002" type="0"/>
    <Peak1D F1="6.846885" intensity="3.115336e-002" type="0"/>
    <Peak1D F1="6.841743" intensity="4.142430e-002" type="0"/>
    <Peak1D F1="6.834627" intensity="3.548128e-002" type="0"/>
    <Peak1D F1="6.825292" intensity="4.160469e-002" type="0"/>
    <Peak1D F1="6.821490" intensity="2.255720e-002" type="0"/>
    <Peak1D F1="6.808245" intensity="3.977690e-002" type="0"/>
    <Peak1D F1="6.803930" intensity="2.435578e-002" type="0"/>
    <Peak1D F1="6.799091" intensity="2.452101e-002" type="0"/>
    <Peak1D F1="6.790167" intensity="3.583784e-002" type="0"/>
    <Peak1D F1="6.786864" intensity="2.786068e-002" type="0"/>
    <Peak1D F1="6.778027" intensity="2.608149e-002" type="0"/>
    <Peak1D F1="6.773574" intensity="3.419818e-002" type="0"/>
    <Peak1D F1="6.767593" intensity="2.239214e-002" type="0"/>
    <Peak1D F1="6.760613" intensity="2.449377e-002" type="0"/>
    <Peak1D F1="6.754740" intensity="3.093695e-002" type="0"/>
    <Peak1D F1="6.737486" intensity="4.041677e-002" type="0"/>
    <Peak1D F1="6.723954" intensity="2.758000e-002" type="0"/>
    <Peak1D F1="6.719924" intensity="2.371324e-002" type="0"/>
    <Peak1D F1="6.664289" intensity="2.261067e-002" type="0"/>
    <Peak1D F1="6.647363" intensity="2.336103e-002" type="0"/>
    <Peak1D F1="6.599721" intensity="1.865480e-002" type="0"/>
    <Peak1D F1="6.583022" intensity="1.788549e-002" type="0"/>
    <Peak1D F1="6.473890" intensity="2.045581e-002" type="0"/>
    <Peak1D F1="5.488756" intensity="6.175935e-002" type="0"/>
    <Peak1D F1="5.471440" intensity="4.311629e-002" type="0"/>
    <Peak1D F1="4.754299" intensity="5.488350e-002" type="0"/>
    <Peak1D F1="4.706588" intensity="3.957282e-002" type="0"/>
    <Peak1D F1="4.698249" intensity="5.837025e-001" type="0"/>
    <Peak1D F1="4.639546" intensity="2.814437e-001" type="0"/>
    <Peak1D F1="4.583055" intensity="2.021134e-002" type="0"/>
    <Peak1D F1="4.496276" intensity="8.620346e-002" type="0"/>
    <Peak1D F1="4.398139" intensity="3.095303e-002" type="0"/>
    <Peak1D F1="4.383912" intensity="3.146466e-002" type="0"/>
    <Peak1D F1="4.198760" intensity="9.835225e-002" type="0"/>
    <Peak1D F1="4.185840" intensity="2.520684e-002" type="0"/>
    <Peak1D F1="4.140501" intensity="5.547697e-002" type="0"/>
    <Peak1D F1="4.125909" intensity="2.490657e+000" type="0"/>
    <Peak1D F1="4.112735" intensity="2.436552e+000" type="0"/>
    <Peak1D F1="4.097928" intensity="3.150165e-002" type="0"/>
    <Peak1D F1="4.088657" intensity="2.169764e-002" type="0"/>
    <Peak1D F1="4.085143" intensity="2.326676e-002" type="0"/>
    <Peak1D F1="4.061970" intensity="4.540531e-002" type="0"/>
    <Peak1D F1="4.054756" intensity="4.882434e-001" type="0"/>
    <Peak1D F1="4.041670" intensity="5.409800e-001" type="0"/>
    <Peak1D F1="4.029399" intensity="3.686744e-002" type="0"/>
    <Peak1D F1="4.012681" intensity="2.462434e-002" type="0"/>
    <Peak1D F1="4.004177" intensity="3.191932e-002" type="0"/>
    <Peak1D F1="3.999495" intensity="3.119239e-002" type="0"/>
    <Peak1D F1="3.991404" intensity="1.998504e-001" type="0"/>
    <Peak1D F1="3.988210" intensity="6.632975e-001" type="0"/>
    <Peak1D F1="3.977970" intensity="2.170926e-001" type="0"/>
    <Peak1D F1="3.975527" intensity="7.202169e-001" type="0"/>
    <Peak1D F1="3.970212" intensity="3.927835e-001" type="0"/>
    <Peak1D F1="3.956916" intensity="3.900617e-001" type="0"/>
    <Peak1D F1="3.951978" intensity="3.820687e-001" type="0"/>
    <Peak1D F1="3.947719" intensity="1.201824e-001" type="0"/>
    <Peak1D F1="3.943232" intensity="7.755253e-002" type="0"/>
    <Peak1D F1="3.938816" intensity="3.613784e-001" type="0"/>
    <Peak1D F1="3.934419" intensity="1.241392e-001" type="0"/>
    <Peak1D F1="3.930962" intensity="1.813107e-001" type="0"/>
    <Peak1D F1="3.924473" intensity="5.050720e-002" type="0"/>
    <Peak1D F1="3.917803" intensity="1.771587e-001" type="0"/>
    <Peak1D F1="3.909972" intensity="1.053402e-001" type="0"/>
    <Peak1D F1="3.904875" intensity="4.642647e-001" type="0"/>
    <Peak1D F1="3.898910" intensity="4.495663e+000" type="0"/>
    <Peak1D F1="3.891821" intensity="5.207509e-001" type="0"/>
    <Peak1D F1="3.885655" intensity="4.406741e+000" type="0"/>
    <Peak1D F1="3.875066" intensity="1.143407e-001" type="0"/>
    <Peak1D F1="3.862182" intensity="3.958455e+000" type="0"/>
    <Peak1D F1="3.849406" intensity="4.003252e+000" type="0"/>
    <Peak1D F1="3.831474" intensity="2.216453e-001" type="0"/>
    <Peak1D F1="3.818736" intensity="2.277720e-001" type="0"/>
    <Peak1D F1="3.805979" intensity="3.712700e-002" type="0"/>
    <Peak1D F1="3.800234" intensity="2.499852e-002" type="0"/>
    <Peak1D F1="3.790890" intensity="2.086969e-002" type="0"/>
    <Peak1D F1="3.787345" intensity="2.101166e-002" type="0"/>
    <Peak1D F1="3.782889" intensity="1.744123e-002" type="0"/>
    <Peak1D F1="3.777493" intensity="2.254593e-002" type="0"/>
    <Peak1D F1="3.749950" intensity="3.879312e-002" type="0"/>
    <Peak1D F1="3.736555" intensity="4.503450e-002" type="0"/>
    <Peak1D F1="3.718709" intensity="2.875167e+000" type="0"/>
    <Peak1D F1="3.707669" intensity="1.598685e-001" type="0"/>
    <Peak1D F1="3.702467" intensity="5.835468e-002" type="0"/>
    <Peak1D F1="3.682097" intensity="2.048079e-002" type="0"/>
    <Peak1D F1="3.651659" intensity="1.778057e+000" type="0"/>
    <Peak1D F1="3.597798" intensity="8.423173e-002" type="0"/>
    <Peak1D F1="3.584615" intensity="5.906231e+000" type="0"/>
    <Peak1D F1="3.559158" intensity="6.717022e-002" type="0"/>
    <Peak1D F1="3.545327" intensity="5.148901e-002" type="0"/>
    <Peak1D F1="3.542856" intensity="9.111661e-002" type="0"/>
    <Peak1D F1="3.529855" intensity="8.341563e-002" type="0"/>
    <Peak1D F1="3.522506" intensity="2.123277e-002" type="0"/>
    <Peak1D F1="3.508798" intensity="4.899134e-002" type="0"/>
    <Peak1D F1="3.453254" intensity="4.081471e-002" type="0"/>
    <Peak1D F1="3.442385" intensity="2.192247e-002" type="0"/>
    <Peak1D F1="3.433371" intensity="2.571351e-002" type="0"/>
    <Peak1D F1="3.421755" intensity="2.033983e-001" type="0"/>
    <Peak1D F1="3.408911" intensity="2.049564e-002" type="0"/>
    <Peak1D F1="3.262666" intensity="1.966091e-002" type="0"/>
    <Peak1D F1="3.192795" intensity="2.883117e-002" type="0"/>
    <Peak1D F1="3.179301" intensity="3.560604e-002" type="0"/>
    <Peak1D F1="3.172263" intensity="3.821607e-002" type="0"/>
    <Peak1D F1="3.162539" intensity="2.217405e-002" type="0"/>
    <Peak1D F1="3.158835" intensity="3.549752e-002" type="0"/>
    <Peak1D F1="3.001739" intensity="2.003588e-002" type="0"/>
    <Peak1D F1="2.987236" intensity="5.701866e-002" type="0"/>
    <Peak1D F1="2.972754" intensity="5.750057e-002" type="0"/>
    <Peak1D F1="2.958356" intensity="2.185857e-002" type="0"/>
    <Peak1D F1="2.955147" intensity="2.158429e-002" type="0"/>
    <Peak1D F1="2.940653" intensity="6.462605e-002" type="0"/>
    <Peak1D F1="2.926119" intensity="6.844686e-002" type="0"/>
    <Peak1D F1="2.911578" intensity="2.456175e-002" type="0"/>
    <Peak1D F1="2.829524" intensity="5.153339e-002" type="0"/>
    <Peak1D F1="2.817761" intensity="7.145617e-001" type="0"/>
    <Peak1D F1="2.802677" intensity="2.341944e+000" type="0"/>
    <Peak1D F1="2.787570" intensity="2.420084e+000" type="0"/>
    <Peak1D F1="2.772480" intensity="7.679772e-001" type="0"/>
    <Peak1D F1="2.759519" intensity="3.391795e-002" type="0"/>
    <Peak1D F1="2.745003" intensity="5.794266e-002" type="0"/>
    <Peak1D F1="2.730656" intensity="5.773004e-002" type="0"/>
    <Peak1D F1="2.722070" intensity="4.607784e-002" type="0"/>
    <Peak1D F1="2.716250" intensity="2.724204e-002" type="0"/>
    <Peak1D F1="2.707661" intensity="1.268701e-001" type="0"/>
    <Peak1D F1="2.693258" intensity="1.313156e-001" type="0"/>
    <Peak1D F1="2.682335" intensity="3.548521e-002" type="0"/>
    <Peak1D F1="2.678990" intensity="6.422240e-002" type="0"/>
    <Peak1D F1="2.671320" intensity="2.240321e-002" type="0"/>
    <Peak1D F1="2.666009" intensity="4.515480e-002" type="0"/>
    <Peak1D F1="2.657012" intensity="2.898491e-002" type="0"/>
    <Peak1D F1="2.651758" intensity="1.107867e-001" type="0"/>
    <Peak1D F1="2.642931" intensity="5.050392e-002" type="0"/>
    <Peak1D F1="2.637458" intensity="1.176629e-001" type="0"/>
    <Peak1D F1="2.628441" intensity="6.962015e-002" type="0"/>
    <Peak1D F1="2.623091" intensity="5.142929e-002" type="0"/>
    <Peak1D F1="2.614266" intensity="7.358895e-002" type="0"/>
    <Peak1D F1="2.611041" intensity="3.056273e-002" type="0"/>
    <Peak1D F1="2.600114" intensity="6.438044e-002" type="0"/>
    <Peak1D F1="2.594834" intensity="7.386291e-002" type="0"/>
    <Peak1D F1="2.591059" intensity="3.945185e-002" type="0"/>
    <Peak1D F1="2.587925" intensity="4.663421e-002" type="0"/>
    <Peak1D F1="2.580070" intensity="6.366333e-002" type="0"/>
    <Peak1D F1="2.576849" intensity="6.591493e-002" type="0"/>
    <Peak1D F1="2.573364" intensity="4.027475e-002" type="0"/>
    <Peak1D F1="2.565848" intensity="1.549256e-001" type="0"/>
    <Peak1D F1="2.562406" intensity="8.751029e-002" type="0"/>
    <Peak1D F1="2.560582" intensity="1.117631e-001" type="0"/>
    <Peak1D F1="2.551418" intensity="3.181075e-001" type="0"/>
    <Peak1D F1="2.546055" intensity="3.013199e-001" type="0"/>
    <Peak1D F1="2.536896" intensity="3.111931e-001" type="0"/>
    <Peak1D F1="2.531654" intensity="2.982728e-001" type="0"/>
    <Peak1D F1="2.522420" intensity="1.319582e-001" type="0"/>
    <Peak1D F1="2.516728" intensity="3.493213e-001" type="0"/>
    <Peak1D F1="2.509749" intensity="6.286280e-002" type="0"/>
    <Peak1D F1="2.501956" intensity="8.153172e-001" type="0"/>
    <Peak1D F1="2.495522" intensity="6.476783e-002" type="0"/>
    <Peak1D F1="2.487370" intensity="8.363273e-001" type="0"/>
    <Peak1D F1="2.472747" intensity="3.211456e-001" type="0"/>
    <Peak1D F1="2.465225" intensity="3.242412e-002" type="0"/>
    <Peak1D F1="2.458702" intensity="6.265716e-002" type="0"/>
    <Peak1D F1="2.450296" intensity="2.151600e-002" type="0"/>
    <Peak1D F1="2.354957" intensity="4.657993e-002" type="0"/>
    <Peak1D F1="2.351535" intensity="1.252321e-001" type="0"/>
    <Peak1D F1="2.336537" intensity="3.826576e-001" type="0"/>
    <Peak1D F1="2.321489" intensity="3.935297e-001" type="0"/>
    <Peak1D F1="2.306547" intensity="1.271331e-001" type="0"/>
    <Peak1D F1="2.286002" intensity="2.446227e-002" type="0"/>
    <Peak1D F1="2.161027" intensity="5.058807e-002" type="0"/>
    <Peak1D F1="2.146982" intensity="1.370927e-001" type="0"/>
    <Peak1D F1="2.145797" intensity="1.434140e-001" type="0"/>
    <Peak1D F1="2.138476" intensity="6.870612e-002" type="0"/>
    <Peak1D F1="2.132053" intensity="1.493326e-001" type="0"/>
    <Peak1D F1="2.130609" intensity="1.554684e-001" type="0"/>
    <Peak1D F1="2.125059" intensity="1.993401e-001" type="0"/>
    <Peak1D F1="2.111643" intensity="3.873815e-001" type="0"/>
    <Peak1D F1="2.098235" intensity="4.967957e-001" type="0"/>
    <Peak1D F1="2.084837" intensity="4.210063e-001" type="0"/>
    <Peak1D F1="2.071445" intensity="2.370521e-001" type="0"/>
    <Peak1D F1="2.068752" intensity="1.433247e-001" type="0"/>
    <Peak1D F1="2.060189" intensity="7.991604e-002" type="0"/>
    <Peak1D F1="2.057922" intensity="1.082802e-001" type="0"/>
    <Peak1D F1="2.055033" intensity="1.552687e-001" type="0"/>
    <Peak1D F1="2.041596" intensity="3.036922e-001" type="0"/>
    <Peak1D F1="2.028340" intensity="5.557313e-001" type="0"/>
    <Peak1D F1="2.015066" intensity="7.018648e-001" type="0"/>
    <Peak1D F1="2.001784" intensity="5.893390e-001" type="0"/>
    <Peak1D F1="1.988516" intensity="3.464893e-001" type="0"/>
    <Peak1D F1="1.978602" intensity="1.112277e-001" type="0"/>
    <Peak1D F1="1.975381" intensity="1.580863e-001" type="0"/>
    <Peak1D F1="1.969260" intensity="1.538490e-001" type="0"/>
    <Peak1D F1="1.965302" intensity="1.743780e-001" type="0"/>
    <Peak1D F1="1.962302" intensity="1.009911e-001" type="0"/>
    <Peak1D F1="1.955774" intensity="4.001011e-001" type="0"/>
    <Peak1D F1="1.951944" intensity="2.328301e-001" type="0"/>
    <Peak1D F1="1.942340" intensity="7.341365e-001" type="0"/>
    <Peak1D F1="1.938702" intensity="2.314771e-001" type="0"/>
    <Peak1D F1="1.928925" intensity="9.135406e-001" type="0"/>
    <Peak1D F1="1.915518" intensity="7.534456e-001" type="0"/>
    <Peak1D F1="1.902111" intensity="4.046979e-001" type="0"/>
    <Peak1D F1="1.888722" intensity="1.339009e-001" type="0"/>
    <Peak1D F1="1.875371" intensity="3.947625e-002" type="0"/>
    <Peak1D F1="1.871536" intensity="5.674592e-002" type="0"/>
    <Peak1D F1="1.858219" intensity="7.324404e-002" type="0"/>
    <Peak1D F1="1.844841" intensity="7.829125e-002" type="0"/>
    <Peak1D F1="1.831486" intensity="6.459412e-002" type="0"/>
    <Peak1D F1="1.818159" intensity="3.785186e-002" type="0"/>
    <Peak1D F1="1.805200" intensity="2.345646e-002" type="0"/>
    <Peak1D F1="1.798983" intensity="1.766956e-002" type="0"/>
    <Peak1D F1="1.785537" intensity="2.138848e-002" type="0"/>
    <Peak1D F1="1.778994" intensity="2.679454e-002" type="0"/>
    <Peak1D F1="1.672709" intensity="5.067012e-002" type="0"/>
    <Peak1D F1="1.658851" intensity="6.813557e-002" type="0"/>
    <Peak1D F1="1.602069" intensity="4.991962e-001" type="0"/>
    <Peak1D F1="1.520576" intensity="5.529726e-002" type="0"/>
    <Peak1D F1="1.506478" intensity="4.971846e-002" type="0"/>
    <Peak1D F1="1.496437" intensity="2.267697e-002" type="0"/>
    <Peak1D F1="1.471897" intensity="9.155327e-002" type="0"/>
    <Peak1D F1="1.465326" intensity="2.476491e-002" type="0"/>
    <Peak1D F1="1.460684" intensity="3.233887e-002" type="0"/>
    <Peak1D F1="1.451122" intensity="3.424163e-002" type="0"/>
    <Peak1D F1="1.445690" intensity="4.701602e-002" type="0"/>
    <Peak1D F1="1.436417" intensity="3.457304e-002" type="0"/>
    <Peak1D F1="1.430533" intensity="2.762693e-002" type="0"/>
    <Peak1D F1="1.424498" intensity="5.140747e-002" type="0"/>
    <Peak1D F1="1.420940" intensity="3.340949e-002" type="0"/>
    <Peak1D F1="1.410359" intensity="8.621727e-002" type="0"/>
    <Peak1D F1="1.403245" intensity="2.842299e-002" type="0"/>
    <Peak1D F1="1.396027" intensity="5.299981e-002" type="0"/>
    <Peak1D F1="1.390170" intensity="5.113707e-002" type="0"/>
    <Peak1D F1="1.376471" intensity="2.935290e-001" type="0"/>
    <Peak1D F1="1.367001" intensity="8.713657e-002" type="0"/>
    <Peak1D F1="1.362225" intensity="3.030263e-001" type="0"/>
    <Peak1D F1="1.356836" intensity="8.020695e-002" type="0"/>
    <Peak1D F1="1.354139" intensity="6.767539e-002" type="0"/>
    <Peak1D F1="1.344318" intensity="2.329262e-001" type="0"/>
    <Peak1D F1="1.333820" intensity="2.952760e+000" type="0"/>
    <Peak1D F1="1.322929" intensity="7.439160e-001" type="0"/>
    <Peak1D F1="1.318727" intensity="6.993150e+000" type="0"/>
    <Peak1D F1="1.307766" intensity="4.748531e-001" type="0"/>
    <Peak1D F1="1.303568" intensity="2.672186e+000" type="0"/>
    <Peak1D F1="1.295796" intensity="7.634953e-001" type="0"/>
    <Peak1D F1="1.280427" intensity="5.502098e-001" type="0"/>
    <Peak1D F1="1.260464" intensity="1.229842e-001" type="0"/>
    <Peak1D F1="1.257730" intensity="1.223003e-001" type="0"/>
    <Peak1D F1="1.254237" intensity="1.593288e-001" type="0"/>
    <Peak1D F1="1.239700" intensity="1.913659e-001" type="0"/>
    <Peak1D F1="1.234892" intensity="7.703055e-002" type="0"/>
    <Peak1D F1="1.224778" intensity="1.463077e-001" type="0"/>
    <Peak1D F1="1.217483" intensity="6.462504e-002" type="0"/>
    <Peak1D F1="1.209860" intensity="1.657353e-001" type="0"/>
    <Peak1D F1="1.202286" intensity="8.497012e-002" type="0"/>
    <Peak1D F1="1.195360" intensity="1.000890e-001" type="0"/>
    <Peak1D F1="1.187658" intensity="8.959114e-002" type="0"/>
    <Peak1D F1="1.185841" intensity="7.691475e-002" type="0"/>
    <Peak1D F1="1.175957" intensity="4.784486e-002" type="0"/>
    <Peak1D F1="1.171264" intensity="7.122426e-002" type="0"/>
    <Peak1D F1="1.167601" intensity="8.115473e-002" type="0"/>
    <Peak1D F1="1.161734" intensity="6.478725e-002" type="0"/>
    <Peak1D F1="1.154023" intensity="1.188870e-001" type="0"/>
    <Peak1D F1="1.148797" intensity="4.411570e-001" type="0"/>
    <Peak1D F1="1.138866" intensity="1.387316e-001" type="0"/>
    <Peak1D F1="1.133904" intensity="9.363216e-001" type="0"/>
    <Peak1D F1="1.123824" intensity="9.270546e-002" type="0"/>
    <Peak1D F1="1.118786" intensity="4.468621e-001" type="0"/>
    <Peak1D F1="1.111189" intensity="1.355911e-001" type="0"/>
    <Peak1D F1="1.105635" intensity="2.987687e-001" type="0"/>
    <Peak1D F1="1.102330" intensity="3.272602e-001" type="0"/>
    <Peak1D F1="1.097442" intensity="1.587493e-001" type="0"/>
    <Peak1D F1="1.090336" intensity="7.386425e-001" type="0"/>
    <Peak1D F1="1.087909" intensity="4.162030e-001" type="0"/>
    <Peak1D F1="1.077803" intensity="2.299285e+000" type="0"/>
    <Peak1D F1="1.074160" intensity="2.263411e+000" type="0"/>
    <Peak1D F1="1.064395" intensity="2.300933e+000" type="0"/>
    <Peak1D F1="1.059452" intensity="3.755913e+000" type="0"/>
    <Peak1D F1="1.050123" intensity="6.129707e-001" type="0"/>
    <Peak1D F1="1.043816" intensity="8.463325e+000" type="0"/>
    <Peak1D F1="1.038467" intensity="7.923886e-001" type="0"/>
    <Peak1D F1="1.035700" intensity="7.258584e-001" type="0"/>
    <Peak1D F1="1.030314" intensity="7.927397e+000" type="0"/>
    <Peak1D F1="1.027816" intensity="2.379298e+000" type="0"/>
    <Peak1D F1="1.020113" intensity="3.913049e-001" type="0"/>
    <Peak1D F1="1.017543" intensity="4.655654e-001" type="0"/>
    <Peak1D F1="1.014010" intensity="1.696870e+000" type="0"/>
    <Peak1D F1="0.998238" intensity="2.215606e-001" type="0"/>
    <Peak1D F1="0.987108" intensity="1.239031e+001" type="0"/>
    <Peak1D F1="0.980619" intensity="1.275796e+000" type="0"/>
    <Peak1D F1="0.973653" intensity="1.230163e+001" type="0"/>
    <Peak1D F1="0.967205" intensity="1.051139e+000" type="0"/>
    <Peak1D F1="0.959606" intensity="3.131917e-001" type="0"/>
    <Peak1D F1="0.954829" intensity="6.593029e-001" type="0"/>
    <Peak1D F1="0.951631" intensity="2.412084e-001" type="0"/>
    <Peak1D F1="0.945884" intensity="2.381982e-001" type="0"/>
    <Peak1D F1="0.941372" intensity="6.443747e-001" type="0"/>
    <Peak1D F1="0.938207" intensity="3.266920e-001" type="0"/>
    <Peak1D F1="0.926097" intensity="2.511624e+000" type="0"/>
    <Peak1D F1="0.920838" intensity="1.500000e+001" type="0"/>
    <Peak1D F1="0.912705" intensity="2.748407e+000" type="0"/>
    <Peak1D F1="0.907365" intensity="1.458617e+001" type="0"/>
    <Peak1D F1="0.896347" intensity="5.458831e-001" type="0"/>
    <Peak1D F1="0.892930" intensity="3.515185e-001" type="0"/>
    <Peak1D F1="0.884371" intensity="3.403977e-001" type="0"/>
    <Peak1D F1="0.881270" intensity="3.460458e-001" type="0"/>
    <Peak1D F1="0.870927" intensity="2.983213e-001" type="0"/>
    <Peak1D F1="0.867687" intensity="3.360824e-001" type="0"/>
    <Peak1D F1="0.861812" intensity="1.986422e-001" type="0"/>
    <Peak1D F1="0.859552" intensity="2.214471e-001" type="0"/>
    <Peak1D F1="0.852477" intensity="2.318640e-001" type="0"/>
    <Peak1D F1="0.848492" intensity="1.610729e-001" type="0"/>
    <Peak1D F1="0.846140" intensity="1.737488e-001" type="0"/>
    <Peak1D F1="0.841537" intensity="1.317331e-001" type="0"/>
    <Peak1D F1="0.839819" intensity="1.320469e-001" type="0"/>
    <Peak1D F1="0.837652" intensity="1.385163e-001" type="0"/>
    <Peak1D F1="0.828008" intensity="1.168181e-001" type="0"/>
    <Peak1D F1="0.823981" intensity="1.369422e-001" type="0"/>
    <Peak1D F1="0.819650" intensity="1.050187e+000" type="0"/>
    <Peak1D F1="0.806190" intensity="1.020051e+000" type="0"/>
    <Peak1D F1="0.793399" intensity="1.352454e-001" type="0"/>
    <Peak1D F1="0.791393" intensity="1.187222e-001" type="0"/>
    <Peak1D F1="0.784941" intensity="7.525939e-002" type="0"/>
    <Peak1D F1="0.780027" intensity="1.165482e-001" type="0"/>
    <Peak1D F1="0.771419" intensity="5.697360e-002" type="0"/>
    <Peak1D F1="0.762999" intensity="4.280626e-002" type="0"/>
    <Peak1D F1="0.754034" intensity="3.949863e-002" type="0"/>
    <Peak1D F1="0.745787" intensity="3.635046e-002" type="0"/>
    <Peak1D F1="0.738873" intensity="3.325485e-002" type="0"/>
    <Peak1D F1="0.732369" intensity="3.145645e-002" type="0"/>
    <Peak1D F1="0.723333" intensity="3.608439e-002" type="0"/>
    <Peak1D F1="0.709986" intensity="3.412360e-002" type="0"/>
    <Peak1D F1="0.704098" intensity="2.781228e-002" type="0"/>
    <Peak1D F1="0.697505" intensity="2.465365e-002" type="0"/>
    <Peak1D F1="0.691165" intensity="2.711271e-002" type="0"/>
    <Peak1D F1="0.678982" intensity="2.290479e-002" type="0"/>
    <Peak1D F1="0.667276" intensity="1.812095e-002" type="0"/>
    <Peak1D F1="0.643531" intensity="2.243695e-002" type="0"/>
    <Peak1D F1="0.630155" intensity="2.278595e-002" type="0"/>
    <Peak1D F1="0.093563" intensity="2.079144e-002" type="0"/>
  </PeakList1D>
</PeakList>
