<?xml version="1.0" encoding="UTF-8"?>
<PeakList>
  <PeakList1D>
    <PeakList1DHeader creator="nmrstaff" date="2020-06-17T20:28:21.089+10:00" expNo="1" name="200617_nsmi3063_50036407814" owner="" procNo="1" source="C:/NMRDATA/RUTLEDGE/RUTLEDGE">
      <PeakPickDetails>F1=15.997400ppm, F2=-3.997401ppm, MI=0.00cm, MAXI=10000.00cm, PC=1.000
      </PeakPickDetails>
    </PeakList1DHeader>
    <Peak1D F1="14.343028" intensity="2.706422e-003" type="0"/>
    <Peak1D F1="9.324476" intensity="2.703334e-003" type="0"/>
    <Peak1D F1="8.068356" intensity="2.949267e-003" type="0"/>
    <Peak1D F1="8.044211" intensity="3.284030e-003" type="0"/>
    <Peak1D F1="8.021437" intensity="3.459404e-003" type="0"/>
    <Peak1D F1="8.012059" intensity="3.802840e-003" type="0"/>
    <Peak1D F1="7.975770" intensity="2.447891e-002" type="0"/>
    <Peak1D F1="7.971614" intensity="2.752882e-002" type="0"/>
    <Peak1D F1="7.957173" intensity="2.935550e-002" type="0"/>
    <Peak1D F1="7.927529" intensity="7.730261e-003" type="0"/>
    <Peak1D F1="7.915319" intensity="2.038883e-002" type="0"/>
    <Peak1D F1="7.898402" intensity="2.538522e-002" type="0"/>
    <Peak1D F1="7.877462" intensity="1.588189e-002" type="0"/>
    <Peak1D F1="7.813203" intensity="1.032592e+000" type="0"/>
    <Peak1D F1="7.808869" intensity="6.498420e+000" type="0"/>
    <Peak1D F1="7.805291" intensity="2.058489e+000" type="0"/>
    <Peak1D F1="7.795922" intensity="2.323736e+000" type="0"/>
    <Peak1D F1="7.792356" intensity="6.603175e+000" type="0"/>
    <Peak1D F1="7.787795" intensity="8.279777e-001" type="0"/>
    <Peak1D F1="7.761444" intensity="2.892898e-002" type="0"/>
    <Peak1D F1="7.744512" intensity="2.413690e-002" type="0"/>
    <Peak1D F1="7.728129" intensity="4.770257e-003" type="0"/>
    <Peak1D F1="7.719741" intensity="4.661971e-003" type="0"/>
    <Peak1D F1="7.681504" intensity="3.559432e-002" type="0"/>
    <Peak1D F1="7.664953" intensity="3.798521e-002" type="0"/>
    <Peak1D F1="7.660173" intensity="1.114858e-002" type="0"/>
    <Peak1D F1="7.639299" intensity="2.837341e-002" type="0"/>
    <Peak1D F1="7.626891" intensity="2.690019e-002" type="0"/>
    <Peak1D F1="7.621631" intensity="2.709845e-002" type="0"/>
    <Peak1D F1="7.592239" intensity="6.523603e-003" type="0"/>
    <Peak1D F1="7.577451" intensity="5.312859e-003" type="0"/>
    <Peak1D F1="7.572976" intensity="5.629590e-003" type="0"/>
    <Peak1D F1="7.557251" intensity="3.558257e-002" type="0"/>
    <Peak1D F1="7.540355" intensity="3.673909e-002" type="0"/>
    <Peak1D F1="7.529157" intensity="1.141587e-002" type="0"/>
    <Peak1D F1="7.512750" intensity="1.135211e-002" type="0"/>
    <Peak1D F1="7.490989" intensity="2.317122e-002" type="0"/>
    <Peak1D F1="7.477558" intensity="2.328494e-002" type="0"/>
    <Peak1D F1="7.463205" intensity="5.366445e-002" type="0"/>
    <Peak1D F1="7.447990" intensity="3.719936e-002" type="0"/>
    <Peak1D F1="7.437871" intensity="9.303274e-003" type="0"/>
    <Peak1D F1="7.424024" intensity="8.404221e-003" type="0"/>
    <Peak1D F1="7.403259" intensity="1.703013e-002" type="0"/>
    <Peak1D F1="7.400680" intensity="2.144465e-002" type="0"/>
    <Peak1D F1="7.385853" intensity="2.617943e-002" type="0"/>
    <Peak1D F1="7.371030" intensity="1.122838e-002" type="0"/>
    <Peak1D F1="7.361698" intensity="6.284641e-003" type="0"/>
    <Peak1D F1="7.284408" intensity="3.180969e+000" type="0"/>
    <Peak1D F1="7.269434" intensity="4.402662e-002" type="0"/>
    <Peak1D F1="7.266468" intensity="5.138813e-002" type="0"/>
    <Peak1D F1="7.252799" intensity="4.208976e-002" type="0"/>
    <Peak1D F1="7.231561" intensity="6.390905e-003" type="0"/>
    <Peak1D F1="7.219181" intensity="7.898051e-003" type="0"/>
    <Peak1D F1="7.213242" intensity="1.024695e-002" type="0"/>
    <Peak1D F1="7.196666" intensity="8.806654e-003" type="0"/>
    <Peak1D F1="7.184528" intensity="2.433142e-002" type="0"/>
    <Peak1D F1="7.179892" intensity="2.584872e-002" type="0"/>
    <Peak1D F1="7.166725" intensity="2.554048e-002" type="0"/>
    <Peak1D F1="7.146675" intensity="1.314234e-002" type="0"/>
    <Peak1D F1="7.129815" intensity="1.606404e-002" type="0"/>
    <Peak1D F1="7.115684" intensity="8.882863e-003" type="0"/>
    <Peak1D F1="7.091953" intensity="1.410543e-002" type="0"/>
    <Peak1D F1="7.087089" intensity="1.354949e-002" type="0"/>
    <Peak1D F1="7.072740" intensity="3.607150e-002" type="0"/>
    <Peak1D F1="7.026914" intensity="1.097008e+000" type="0"/>
    <Peak1D F1="7.022505" intensity="6.947241e+000" type="0"/>
    <Peak1D F1="7.018865" intensity="2.202969e+000" type="0"/>
    <Peak1D F1="7.009523" intensity="2.387106e+000" type="0"/>
    <Peak1D F1="7.005989" intensity="6.681099e+000" type="0"/>
    <Peak1D F1="7.001524" intensity="8.181456e-001" type="0"/>
    <Peak1D F1="6.977190" intensity="1.101421e-002" type="0"/>
    <Peak1D F1="6.956575" intensity="3.939718e-003" type="0"/>
    <Peak1D F1="6.946686" intensity="2.758467e-003" type="0"/>
    <Peak1D F1="6.907396" intensity="3.568882e-002" type="0"/>
    <Peak1D F1="6.903627" intensity="1.232154e-002" type="0"/>
    <Peak1D F1="6.890721" intensity="3.427184e-002" type="0"/>
    <Peak1D F1="6.871465" intensity="9.879960e-003" type="0"/>
    <Peak1D F1="6.861275" intensity="2.193739e-002" type="0"/>
    <Peak1D F1="6.857597" intensity="2.411233e-002" type="0"/>
    <Peak1D F1="6.845011" intensity="2.228730e-002" type="0"/>
    <Peak1D F1="6.840227" intensity="2.062210e-002" type="0"/>
    <Peak1D F1="6.783642" intensity="5.938331e-003" type="0"/>
    <Peak1D F1="6.767578" intensity="6.981730e-003" type="0"/>
    <Peak1D F1="5.360219" intensity="2.575297e-003" type="0"/>
    <Peak1D F1="5.214293" intensity="2.634211e-003" type="0"/>
    <Peak1D F1="5.105888" intensity="3.838714e-003" type="0"/>
    <Peak1D F1="5.097213" intensity="3.773374e-003" type="0"/>
    <Peak1D F1="5.060568" intensity="4.152791e-003" type="0"/>
    <Peak1D F1="4.981874" intensity="8.046708e-003" type="0"/>
    <Peak1D F1="4.950551" intensity="3.097840e-002" type="0"/>
    <Peak1D F1="4.897068" intensity="5.457395e-002" type="0"/>
    <Peak1D F1="4.811501" intensity="3.346052e+000" type="0"/>
    <Peak1D F1="4.724485" intensity="5.447166e-002" type="0"/>
    <Peak1D F1="4.579838" intensity="5.283127e-002" type="0"/>
    <Peak1D F1="4.492573" intensity="2.301103e+000" type="0"/>
    <Peak1D F1="4.403672" intensity="4.488515e-002" type="0"/>
    <Peak1D F1="4.341943" intensity="1.546532e-002" type="0"/>
    <Peak1D F1="4.275292" intensity="9.916323e-003" type="0"/>
    <Peak1D F1="4.257091" intensity="8.131955e-003" type="0"/>
    <Peak1D F1="4.244749" intensity="7.992706e-003" type="0"/>
    <Peak1D F1="4.222826" intensity="8.139730e-003" type="0"/>
    <Peak1D F1="4.205248" intensity="7.356525e-003" type="0"/>
    <Peak1D F1="4.198871" intensity="7.493259e-003" type="0"/>
    <Peak1D F1="4.176543" intensity="7.160602e-003" type="0"/>
    <Peak1D F1="4.156917" intensity="7.060246e-003" type="0"/>
    <Peak1D F1="4.114872" intensity="5.651562e-003" type="0"/>
    <Peak1D F1="4.100720" intensity="5.234449e-003" type="0"/>
    <Peak1D F1="4.050505" intensity="5.363525e-003" type="0"/>
    <Peak1D F1="4.004265" intensity="4.770102e-003" type="0"/>
    <Peak1D F1="3.991832" intensity="5.670293e-003" type="0"/>
    <Peak1D F1="3.969498" intensity="4.131048e-003" type="0"/>
    <Peak1D F1="3.942725" intensity="4.119684e-003" type="0"/>
    <Peak1D F1="3.900421" intensity="9.448354e-003" type="0"/>
    <Peak1D F1="3.886481" intensity="1.836280e-002" type="0"/>
    <Peak1D F1="3.872404" intensity="1.886100e-002" type="0"/>
    <Peak1D F1="3.858237" intensity="7.611963e-003" type="0"/>
    <Peak1D F1="3.813973" intensity="7.422861e-003" type="0"/>
    <Peak1D F1="3.761403" intensity="9.433724e-001" type="0"/>
    <Peak1D F1="3.747365" intensity="2.775656e+000" type="0"/>
    <Peak1D F1="3.733332" intensity="2.797735e+000" type="0"/>
    <Peak1D F1="3.719303" intensity="9.590377e-001" type="0"/>
    <Peak1D F1="3.674452" intensity="8.745789e-003" type="0"/>
    <Peak1D F1="3.666227" intensity="7.681685e-003" type="0"/>
    <Peak1D F1="3.655497" intensity="1.323579e-002" type="0"/>
    <Peak1D F1="3.644002" intensity="1.950671e-002" type="0"/>
    <Peak1D F1="3.632689" intensity="1.265725e-002" type="0"/>
    <Peak1D F1="3.617431" intensity="8.342467e-003" type="0"/>
    <Peak1D F1="3.603295" intensity="2.003301e-002" type="0"/>
    <Peak1D F1="3.589169" intensity="1.993798e-002" type="0"/>
    <Peak1D F1="3.572927" intensity="2.124020e-002" type="0"/>
    <Peak1D F1="3.547026" intensity="6.433209e-003" type="0"/>
    <Peak1D F1="3.505164" intensity="1.325383e-002" type="0"/>
    <Peak1D F1="3.443142" intensity="5.045095e-003" type="0"/>
    <Peak1D F1="3.422274" intensity="5.486981e-003" type="0"/>
    <Peak1D F1="3.408864" intensity="3.906453e-003" type="0"/>
    <Peak1D F1="3.354537" intensity="3.270945e-003" type="0"/>
    <Peak1D F1="3.333198" intensity="3.331707e-003" type="0"/>
    <Peak1D F1="3.304446" intensity="2.915855e-003" type="0"/>
    <Peak1D F1="3.282683" intensity="3.815686e-003" type="0"/>
    <Peak1D F1="3.269887" intensity="3.024778e-003" type="0"/>
    <Peak1D F1="3.258645" intensity="3.050640e-003" type="0"/>
    <Peak1D F1="3.237879" intensity="3.057391e-003" type="0"/>
    <Peak1D F1="3.196848" intensity="3.000297e-003" type="0"/>
    <Peak1D F1="3.178051" intensity="2.856715e-003" type="0"/>
    <Peak1D F1="3.129933" intensity="3.320052e-003" type="0"/>
    <Peak1D F1="2.902318" intensity="3.285155e-003" type="0"/>
    <Peak1D F1="2.887625" intensity="3.201250e-003" type="0"/>
    <Peak1D F1="2.633942" intensity="1.480298e-002" type="0"/>
    <Peak1D F1="2.480705" intensity="6.140112e-003" type="0"/>
    <Peak1D F1="2.467444" intensity="8.013442e-003" type="0"/>
    <Peak1D F1="2.454250" intensity="6.393490e-003" type="0"/>
    <Peak1D F1="2.440013" intensity="1.018490e-002" type="0"/>
    <Peak1D F1="2.425061" intensity="3.150150e-002" type="0"/>
    <Peak1D F1="2.409844" intensity="3.325650e-002" type="0"/>
    <Peak1D F1="2.394627" intensity="9.381653e-003" type="0"/>
    <Peak1D F1="2.354475" intensity="1.297780e-002" type="0"/>
    <Peak1D F1="2.339153" intensity="2.349176e-002" type="0"/>
    <Peak1D F1="2.332420" intensity="4.828746e-002" type="0"/>
    <Peak1D F1="2.314271" intensity="2.203662e+000" type="0"/>
    <Peak1D F1="2.299106" intensity="6.909043e+000" type="0"/>
    <Peak1D F1="2.283996" intensity="7.017827e+000" type="0"/>
    <Peak1D F1="2.268894" intensity="2.347350e+000" type="0"/>
    <Peak1D F1="2.209273" intensity="1.430474e-002" type="0"/>
    <Peak1D F1="2.184923" intensity="2.171222e-002" type="0"/>
    <Peak1D F1="2.169560" intensity="4.430920e-002" type="0"/>
    <Peak1D F1="2.154336" intensity="4.457036e-002" type="0"/>
    <Peak1D F1="2.139321" intensity="2.079856e-002" type="0"/>
    <Peak1D F1="2.101608" intensity="9.323599e-003" type="0"/>
    <Peak1D F1="2.070285" intensity="1.720108e-002" type="0"/>
    <Peak1D F1="2.063422" intensity="1.346519e-002" type="0"/>
    <Peak1D F1="2.040341" intensity="5.293014e-002" type="0"/>
    <Peak1D F1="2.019550" intensity="1.756078e-002" type="0"/>
    <Peak1D F1="1.809466" intensity="4.742557e-001" type="0"/>
    <Peak1D F1="1.493319" intensity="1.354132e-002" type="0"/>
    <Peak1D F1="1.469075" intensity="1.278182e-002" type="0"/>
    <Peak1D F1="1.415226" intensity="7.974889e-003" type="0"/>
    <Peak1D F1="1.400103" intensity="2.354286e-002" type="0"/>
    <Peak1D F1="1.386086" intensity="4.081408e-002" type="0"/>
    <Peak1D F1="1.372044" intensity="2.381706e-002" type="0"/>
    <Peak1D F1="1.363102" intensity="1.111011e-002" type="0"/>
    <Peak1D F1="1.354262" intensity="1.041681e-002" type="0"/>
    <Peak1D F1="1.343377" intensity="1.204047e-002" type="0"/>
    <Peak1D F1="1.338132" intensity="1.276125e-002" type="0"/>
    <Peak1D F1="1.331570" intensity="1.379688e-002" type="0"/>
    <Peak1D F1="1.315721" intensity="3.442358e-002" type="0"/>
    <Peak1D F1="1.303634" intensity="2.326167e-002" type="0"/>
    <Peak1D F1="1.276450" intensity="3.102931e+000" type="0"/>
    <Peak1D F1="1.262423" intensity="6.009027e+000" type="0"/>
    <Peak1D F1="1.248383" intensity="3.000072e+000" type="0"/>
    <Peak1D F1="1.217988" intensity="5.267691e-002" type="0"/>
    <Peak1D F1="1.202887" intensity="8.740274e-002" type="0"/>
    <Peak1D F1="1.187675" intensity="4.169472e-002" type="0"/>
    <Peak1D F1="1.176795" intensity="7.860157e-003" type="0"/>
    <Peak1D F1="1.161971" intensity="8.183064e-003" type="0"/>
    <Peak1D F1="1.149241" intensity="2.351893e-002" type="0"/>
    <Peak1D F1="1.135200" intensity="4.694330e-002" type="0"/>
    <Peak1D F1="1.121048" intensity="3.743009e-002" type="0"/>
    <Peak1D F1="1.116356" intensity="3.408746e-002" type="0"/>
    <Peak1D F1="1.092120" intensity="7.211406e+000" type="0"/>
    <Peak1D F1="1.077044" intensity="1.500000e+001" type="0"/>
    <Peak1D F1="1.061891" intensity="6.986279e+000" type="0"/>
    <Peak1D F1="1.032451" intensity="5.197744e-002" type="0"/>
    <Peak1D F1="1.001992" intensity="2.791081e-002" type="0"/>
    <Peak1D F1="0.989482" intensity="2.319413e-002" type="0"/>
    <Peak1D F1="0.981419" intensity="2.316888e-002" type="0"/>
    <Peak1D F1="0.962655" intensity="5.313294e-002" type="0"/>
    <Peak1D F1="0.947460" intensity="9.387008e-002" type="0"/>
    <Peak1D F1="0.932325" intensity="5.066604e-002" type="0"/>
    <Peak1D F1="0.912378" intensity="1.878805e-002" type="0"/>
    <Peak1D F1="0.899023" intensity="2.362578e-002" type="0"/>
    <Peak1D F1="0.884926" intensity="1.814672e-002" type="0"/>
    <Peak1D F1="0.827760" intensity="1.085980e-002" type="0"/>
    <Peak1D F1="0.792301" intensity="9.592950e-003" type="0"/>
    <Peak1D F1="0.739895" intensity="7.930551e-003" type="0"/>
    <Peak1D F1="0.731487" intensity="7.073130e-003" type="0"/>
    <Peak1D F1="0.721857" intensity="6.906936e-003" type="0"/>
    <Peak1D F1="0.697180" intensity="6.414860e-003" type="0"/>
    <Peak1D F1="0.687884" intensity="7.069611e-003" type="0"/>
    <Peak1D F1="0.669537" intensity="5.912544e-003" type="0"/>
    <Peak1D F1="0.640966" intensity="6.581572e-003" type="0"/>
    <Peak1D F1="0.573276" intensity="5.968303e-003" type="0"/>
    <Peak1D F1="0.532306" intensity="5.833738e-003" type="0"/>
    <Peak1D F1="0.514589" intensity="5.655385e-003" type="0"/>
    <Peak1D F1="0.474267" intensity="4.700679e-003" type="0"/>
    <Peak1D F1="0.451386" intensity="4.640759e-003" type="0"/>
    <Peak1D F1="0.372045" intensity="3.901735e-003" type="0"/>
    <Peak1D F1="0.361387" intensity="4.339191e-003" type="0"/>
    <Peak1D F1="0.356658" intensity="4.046984e-003" type="0"/>
    <Peak1D F1="0.340836" intensity="3.804912e-003" type="0"/>
    <Peak1D F1="0.293008" intensity="3.562488e-003" type="0"/>
    <Peak1D F1="0.268043" intensity="3.452852e-003" type="0"/>
    <Peak1D F1="0.263245" intensity="3.988143e-003" type="0"/>
    <Peak1D F1="0.237551" intensity="3.943014e-003" type="0"/>
    <Peak1D F1="0.206061" intensity="3.610076e-003" type="0"/>
    <Peak1D F1="0.177130" intensity="3.330604e-003" type="0"/>
    <Peak1D F1="0.166876" intensity="3.211326e-003" type="0"/>
    <Peak1D F1="0.089957" intensity="7.581744e-003" type="0"/>
    <Peak1D F1="0.083337" intensity="3.443577e-003" type="0"/>
    <Peak1D F1="0.034452" intensity="2.894179e-003" type="0"/>
    <Peak1D F1="0.002217" intensity="3.727868e-003" type="0"/>
    <Peak1D F1="-0.037971" intensity="3.241761e-003" type="0"/>
    <Peak1D F1="-0.078998" intensity="2.938002e-003" type="0"/>
    <Peak1D F1="-0.340316" intensity="3.028625e-003" type="0"/>
    <Peak1D F1="-3.579700" intensity="2.799673e-003" type="0"/>
  </PeakList1D>
</PeakList>
