<?xml version="1.0" encoding="UTF-8"?>
<PeakList>
  <PeakList1D>
    <PeakList1DHeader creator="nmrstaff" date="2020-06-17T21:24:40.657+10:00" expNo="2" name="200617_nsmi3063_50036407814" owner="" procNo="1" source="C:/NMRDATA/RUTLEDGE/RUTLEDGE">
      <PeakPickDetails>F1=209.671402ppm, F2=-19.707264ppm, MI=0.00cm, MAXI=10000.00cm, PC=1.400
      </PeakPickDetails>
    </PeakList1DHeader>
    <Peak1D F1="168.528076" intensity="2.941851e+000" type="0"/>
    <Peak1D F1="161.887070" intensity="3.221200e+000" type="0"/>
    <Peak1D F1="161.839615" intensity="3.126501e+000" type="0"/>
    <Peak1D F1="138.458130" intensity="1.500000e+001" type="0"/>
    <Peak1D F1="134.943680" intensity="3.343849e+000" type="0"/>
    <Peak1D F1="132.556320" intensity="1.467836e+001" type="0"/>
    <Peak1D F1="107.256340" intensity="2.787394e+000" type="0"/>
    <Peak1D F1="93.558235" intensity="3.085953e+000" type="0"/>
    <Peak1D F1="77.274109" intensity="5.809095e+001" type="0"/>
    <Peak1D F1="77.020187" intensity="5.926498e+001" type="0"/>
    <Peak1D F1="76.766090" intensity="5.851723e+001" type="0"/>
    <Peak1D F1="58.381706" intensity="2.007358e+000" type="0"/>
    <Peak1D F1="28.158745" intensity="7.032830e+000" type="0"/>
    <Peak1D F1="18.451696" intensity="2.747308e+000" type="0"/>
    <Peak1D F1="13.286594" intensity="7.580211e+000" type="0"/>
  </PeakList1D>
</PeakList>
