<?xml version="1.0" encoding="UTF-8"?>
<PeakList>
  <PeakList1D>
    <PeakList1DHeader creator="nmrstaff" date="2020-06-04T22:56:45.444+10:00" expNo="1" name="200603_nsmi3063_50036407094" owner="" procNo="1" source="C:\NMRDATA\RENDINA\RENDINA">
      <PeakPickDetails>F1=15.997400ppm, F2=-3.997401ppm, MI=0.00cm, MAXI=10000.00cm, PC=1.000
      </PeakPickDetails>
    </PeakList1DHeader>
    <Peak1D F1="8.101804" intensity="2.274576e-003" type="0"/>
    <Peak1D F1="8.081499" intensity="4.478747e-003" type="0"/>
    <Peak1D F1="8.077755" intensity="3.956628e-003" type="0"/>
    <Peak1D F1="8.064998" intensity="5.987251e-003" type="0"/>
    <Peak1D F1="8.048368" intensity="5.532298e-002" type="0"/>
    <Peak1D F1="8.043727" intensity="3.890551e-001" type="0"/>
    <Peak1D F1="8.039928" intensity="1.330720e-001" type="0"/>
    <Peak1D F1="8.030335" intensity="1.363859e-001" type="0"/>
    <Peak1D F1="8.026423" intensity="4.130917e-001" type="0"/>
    <Peak1D F1="8.021895" intensity="6.546521e-002" type="0"/>
    <Peak1D F1="8.004686" intensity="8.016696e-003" type="0"/>
    <Peak1D F1="7.991720" intensity="5.084777e-003" type="0"/>
    <Peak1D F1="7.987339" intensity="7.434824e-003" type="0"/>
    <Peak1D F1="7.978374" intensity="4.524323e-003" type="0"/>
    <Peak1D F1="7.968484" intensity="9.757011e-003" type="0"/>
    <Peak1D F1="7.964634" intensity="8.380582e-003" type="0"/>
    <Peak1D F1="7.958880" intensity="2.344797e-002" type="0"/>
    <Peak1D F1="7.954014" intensity="1.653356e-001" type="0"/>
    <Peak1D F1="7.950275" intensity="6.302184e-002" type="0"/>
    <Peak1D F1="7.940642" intensity="6.075792e-002" type="0"/>
    <Peak1D F1="7.936697" intensity="1.778121e-001" type="0"/>
    <Peak1D F1="7.932038" intensity="2.921434e-002" type="0"/>
    <Peak1D F1="7.918073" intensity="7.620866e-003" type="0"/>
    <Peak1D F1="7.904861" intensity="1.022348e-001" type="0"/>
    <Peak1D F1="7.901042" intensity="3.984904e-002" type="0"/>
    <Peak1D F1="7.891235" intensity="4.591000e-002" type="0"/>
    <Peak1D F1="7.887531" intensity="1.086551e-001" type="0"/>
    <Peak1D F1="7.882651" intensity="1.958602e-002" type="0"/>
    <Peak1D F1="7.878543" intensity="1.239375e-002" type="0"/>
    <Peak1D F1="7.861281" intensity="4.598310e-003" type="0"/>
    <Peak1D F1="7.850235" intensity="1.947799e-002" type="0"/>
    <Peak1D F1="7.846852" intensity="9.499868e-003" type="0"/>
    <Peak1D F1="7.833235" intensity="2.242594e-002" type="0"/>
    <Peak1D F1="7.817352" intensity="3.972700e-003" type="0"/>
    <Peak1D F1="7.797947" intensity="2.500365e-003" type="0"/>
    <Peak1D F1="7.787340" intensity="5.096109e-003" type="0"/>
    <Peak1D F1="7.774072" intensity="3.500494e-003" type="0"/>
    <Peak1D F1="7.770022" intensity="5.361515e-003" type="0"/>
    <Peak1D F1="7.765533" intensity="7.258907e-003" type="0"/>
    <Peak1D F1="7.761888" intensity="4.232902e-003" type="0"/>
    <Peak1D F1="7.748341" intensity="7.428565e-003" type="0"/>
    <Peak1D F1="7.743298" intensity="3.284147e-003" type="0"/>
    <Peak1D F1="7.717285" intensity="5.274625e-003" type="0"/>
    <Peak1D F1="7.713070" intensity="6.154802e-003" type="0"/>
    <Peak1D F1="7.700247" intensity="6.101141e-003" type="0"/>
    <Peak1D F1="7.695655" intensity="5.808763e-003" type="0"/>
    <Peak1D F1="7.667166" intensity="8.432159e-003" type="0"/>
    <Peak1D F1="7.663244" intensity="6.084451e-003" type="0"/>
    <Peak1D F1="7.653821" intensity="6.272994e-003" type="0"/>
    <Peak1D F1="7.649793" intensity="1.039794e-002" type="0"/>
    <Peak1D F1="7.646029" intensity="6.448912e-003" type="0"/>
    <Peak1D F1="7.630715" intensity="2.716871e-002" type="0"/>
    <Peak1D F1="7.626938" intensity="1.342041e-002" type="0"/>
    <Peak1D F1="7.617422" intensity="1.366527e-002" type="0"/>
    <Peak1D F1="7.613403" intensity="3.338103e-002" type="0"/>
    <Peak1D F1="7.603403" intensity="2.199714e-002" type="0"/>
    <Peak1D F1="7.599005" intensity="2.534939e-002" type="0"/>
    <Peak1D F1="7.596622" intensity="1.939799e-002" type="0"/>
    <Peak1D F1="7.589440" intensity="1.971800e-002" type="0"/>
    <Peak1D F1="7.583998" intensity="2.700617e-002" type="0"/>
    <Peak1D F1="7.581369" intensity="2.503809e-002" type="0"/>
    <Peak1D F1="7.573414" intensity="1.492925e-002" type="0"/>
    <Peak1D F1="7.569741" intensity="1.076236e-002" type="0"/>
    <Peak1D F1="7.563183" intensity="1.327694e-002" type="0"/>
    <Peak1D F1="7.556092" intensity="1.858579e-002" type="0"/>
    <Peak1D F1="7.551820" intensity="1.444821e-002" type="0"/>
    <Peak1D F1="7.542944" intensity="1.969416e-002" type="0"/>
    <Peak1D F1="7.535220" intensity="2.684448e-002" type="0"/>
    <Peak1D F1="7.533164" intensity="2.438287e-002" type="0"/>
    <Peak1D F1="7.523296" intensity="4.708430e-002" type="0"/>
    <Peak1D F1="7.518557" intensity="6.598890e-002" type="0"/>
    <Peak1D F1="7.513240" intensity="2.437712e-001" type="0"/>
    <Peak1D F1="7.509254" intensity="1.222855e-001" type="0"/>
    <Peak1D F1="7.505888" intensity="7.768932e-002" type="0"/>
    <Peak1D F1="7.500147" intensity="1.370500e-001" type="0"/>
    <Peak1D F1="7.495958" intensity="3.444081e-001" type="0"/>
    <Peak1D F1="7.490845" intensity="9.351116e-002" type="0"/>
    <Peak1D F1="7.480085" intensity="1.478737e-001" type="0"/>
    <Peak1D F1="7.475936" intensity="9.140598e-002" type="0"/>
    <Peak1D F1="7.473681" intensity="9.999061e-002" type="0"/>
    <Peak1D F1="7.470544" intensity="1.377196e-001" type="0"/>
    <Peak1D F1="7.465914" intensity="6.316116e-001" type="0"/>
    <Peak1D F1="7.462393" intensity="3.316837e-001" type="0"/>
    <Peak1D F1="7.452477" intensity="3.175264e-001" type="0"/>
    <Peak1D F1="7.448666" intensity="6.547546e-001" type="0"/>
    <Peak1D F1="7.441354" intensity="5.976144e-001" type="0"/>
    <Peak1D F1="7.436162" intensity="4.084140e+000" type="0"/>
    <Peak1D F1="7.432253" intensity="1.683333e+000" type="0"/>
    <Peak1D F1="7.423223" intensity="1.958129e+000" type="0"/>
    <Peak1D F1="7.419057" intensity="6.780224e+000" type="0"/>
    <Peak1D F1="7.414162" intensity="1.149091e+000" type="0"/>
    <Peak1D F1="7.405742" intensity="1.897025e-001" type="0"/>
    <Peak1D F1="7.401102" intensity="3.309116e-001" type="0"/>
    <Peak1D F1="7.396258" intensity="4.459387e-001" type="0"/>
    <Peak1D F1="7.391728" intensity="2.273333e-001" type="0"/>
    <Peak1D F1="7.385326" intensity="6.992126e-001" type="0"/>
    <Peak1D F1="7.378953" intensity="4.608376e-001" type="0"/>
    <Peak1D F1="7.368431" intensity="1.164132e+000" type="0"/>
    <Peak1D F1="7.364812" intensity="1.134568e+000" type="0"/>
    <Peak1D F1="7.359943" intensity="6.274348e+000" type="0"/>
    <Peak1D F1="7.356082" intensity="2.047835e+000" type="0"/>
    <Peak1D F1="7.346632" intensity="1.532099e+000" type="0"/>
    <Peak1D F1="7.343016" intensity="3.949009e+000" type="0"/>
    <Peak1D F1="7.337965" intensity="6.850424e-001" type="0"/>
    <Peak1D F1="7.327021" intensity="2.679386e-001" type="0"/>
    <Peak1D F1="7.318585" intensity="1.069861e-001" type="0"/>
    <Peak1D F1="7.310493" intensity="2.954524e-001" type="0"/>
    <Peak1D F1="7.296628" intensity="6.526575e-001" type="0"/>
    <Peak1D F1="7.289182" intensity="1.827937e-001" type="0"/>
    <Peak1D F1="7.283221" intensity="1.250249e+000" type="0"/>
    <Peak1D F1="7.280540" intensity="4.941413e-001" type="0"/>
    <Peak1D F1="7.279553" intensity="4.955904e-001" type="0"/>
    <Peak1D F1="7.272353" intensity="1.531694e-001" type="0"/>
    <Peak1D F1="7.267773" intensity="7.645185e-002" type="0"/>
    <Peak1D F1="7.257711" intensity="6.899128e-002" type="0"/>
    <Peak1D F1="7.254223" intensity="6.089804e-002" type="0"/>
    <Peak1D F1="7.249907" intensity="5.960850e-002" type="0"/>
    <Peak1D F1="7.245414" intensity="5.035241e-002" type="0"/>
    <Peak1D F1="7.240767" intensity="6.011307e-002" type="0"/>
    <Peak1D F1="7.235567" intensity="5.044596e-002" type="0"/>
    <Peak1D F1="7.230417" intensity="8.685993e-002" type="0"/>
    <Peak1D F1="7.226335" intensity="4.700572e-002" type="0"/>
    <Peak1D F1="7.218972" intensity="6.647439e-002" type="0"/>
    <Peak1D F1="7.213583" intensity="8.422738e-002" type="0"/>
    <Peak1D F1="7.203066" intensity="1.928229e-001" type="0"/>
    <Peak1D F1="7.199327" intensity="9.913679e-002" type="0"/>
    <Peak1D F1="7.186265" intensity="1.323019e-001" type="0"/>
    <Peak1D F1="7.180672" intensity="1.148129e-001" type="0"/>
    <Peak1D F1="7.176984" intensity="5.983436e-002" type="0"/>
    <Peak1D F1="7.167821" intensity="4.701725e-002" type="0"/>
    <Peak1D F1="7.163699" intensity="7.748672e-002" type="0"/>
    <Peak1D F1="7.157824" intensity="4.323019e-002" type="0"/>
    <Peak1D F1="7.152251" intensity="9.517740e-002" type="0"/>
    <Peak1D F1="7.139773" intensity="5.176237e-002" type="0"/>
    <Peak1D F1="7.135458" intensity="8.596783e-002" type="0"/>
    <Peak1D F1="7.124153" intensity="3.388288e-002" type="0"/>
    <Peak1D F1="7.108039" intensity="2.325715e-002" type="0"/>
    <Peak1D F1="7.103036" intensity="1.685093e-002" type="0"/>
    <Peak1D F1="7.097799" intensity="1.608465e-002" type="0"/>
    <Peak1D F1="7.093597" intensity="1.700381e-002" type="0"/>
    <Peak1D F1="7.089593" intensity="2.269979e-002" type="0"/>
    <Peak1D F1="7.075752" intensity="4.705659e-002" type="0"/>
    <Peak1D F1="7.071935" intensity="4.434901e-002" type="0"/>
    <Peak1D F1="7.065269" intensity="5.576678e-002" type="0"/>
    <Peak1D F1="7.060520" intensity="4.807444e-002" type="0"/>
    <Peak1D F1="7.048637" intensity="1.117186e-001" type="0"/>
    <Peak1D F1="7.035720" intensity="4.469803e-002" type="0"/>
    <Peak1D F1="7.031956" intensity="7.501952e-002" type="0"/>
    <Peak1D F1="7.019362" intensity="1.401031e-002" type="0"/>
    <Peak1D F1="7.012819" intensity="8.725473e-003" type="0"/>
    <Peak1D F1="7.004077" intensity="1.323323e-002" type="0"/>
    <Peak1D F1="6.996531" intensity="2.394867e-002" type="0"/>
    <Peak1D F1="6.991449" intensity="4.009869e-002" type="0"/>
    <Peak1D F1="6.987037" intensity="2.738612e-002" type="0"/>
    <Peak1D F1="6.979511" intensity="2.085566e-002" type="0"/>
    <Peak1D F1="6.974490" intensity="3.321838e-002" type="0"/>
    <Peak1D F1="6.968695" intensity="2.195331e-002" type="0"/>
    <Peak1D F1="6.966395" intensity="2.333471e-002" type="0"/>
    <Peak1D F1="6.949637" intensity="1.493452e-002" type="0"/>
    <Peak1D F1="6.937381" intensity="1.253282e-002" type="0"/>
    <Peak1D F1="6.933996" intensity="1.367796e-002" type="0"/>
    <Peak1D F1="6.920341" intensity="1.224334e-002" type="0"/>
    <Peak1D F1="6.895934" intensity="5.468435e-003" type="0"/>
    <Peak1D F1="6.885860" intensity="7.487514e-003" type="0"/>
    <Peak1D F1="6.869324" intensity="6.571182e-003" type="0"/>
    <Peak1D F1="6.852732" intensity="2.596123e-002" type="0"/>
    <Peak1D F1="6.835753" intensity="2.492813e-002" type="0"/>
    <Peak1D F1="6.818442" intensity="3.751028e-003" type="0"/>
    <Peak1D F1="6.807782" intensity="3.025401e-003" type="0"/>
    <Peak1D F1="6.792336" intensity="4.015533e-003" type="0"/>
    <Peak1D F1="6.781989" intensity="1.173373e-002" type="0"/>
    <Peak1D F1="6.778217" intensity="5.089533e-003" type="0"/>
    <Peak1D F1="6.764891" intensity="1.130994e-002" type="0"/>
    <Peak1D F1="6.758292" intensity="9.420222e-003" type="0"/>
    <Peak1D F1="6.752148" intensity="1.162725e-002" type="0"/>
    <Peak1D F1="6.741195" intensity="8.763559e-003" type="0"/>
    <Peak1D F1="6.731825" intensity="9.386280e-003" type="0"/>
    <Peak1D F1="6.714442" intensity="8.567154e-003" type="0"/>
    <Peak1D F1="6.697640" intensity="7.955307e-003" type="0"/>
    <Peak1D F1="6.629356" intensity="3.609184e-003" type="0"/>
    <Peak1D F1="6.612332" intensity="3.322136e-003" type="0"/>
    <Peak1D F1="6.569544" intensity="2.175041e-003" type="0"/>
    <Peak1D F1="6.484948" intensity="1.305528e-002" type="0"/>
    <Peak1D F1="6.431829" intensity="3.983277e-003" type="0"/>
    <Peak1D F1="5.874374" intensity="7.500616e-003" type="0"/>
    <Peak1D F1="5.757308" intensity="7.925084e-003" type="0"/>
    <Peak1D F1="5.543246" intensity="1.099015e-001" type="0"/>
    <Peak1D F1="5.308718" intensity="3.628081e-003" type="0"/>
    <Peak1D F1="5.233724" intensity="4.716096e-003" type="0"/>
    <Peak1D F1="5.213324" intensity="4.415674e-003" type="0"/>
    <Peak1D F1="5.194055" intensity="3.290469e-003" type="0"/>
    <Peak1D F1="4.836098" intensity="1.582439e-002" type="0"/>
    <Peak1D F1="4.826414" intensity="1.810968e-002" type="0"/>
    <Peak1D F1="4.820537" intensity="3.949170e-002" type="0"/>
    <Peak1D F1="4.777515" intensity="2.078662e-003" type="0"/>
    <Peak1D F1="4.766526" intensity="1.021738e-002" type="0"/>
    <Peak1D F1="4.738333" intensity="5.835494e-003" type="0"/>
    <Peak1D F1="4.722566" intensity="1.251248e-002" type="0"/>
    <Peak1D F1="4.713483" intensity="3.745648e-002" type="0"/>
    <Peak1D F1="4.685336" intensity="5.292149e+000" type="0"/>
    <Peak1D F1="4.654373" intensity="1.373461e-002" type="0"/>
    <Peak1D F1="4.641813" intensity="8.580390e-003" type="0"/>
    <Peak1D F1="4.621851" intensity="5.648267e-003" type="0"/>
    <Peak1D F1="4.584006" intensity="2.085027e-002" type="0"/>
    <Peak1D F1="4.568280" intensity="2.363003e-002" type="0"/>
    <Peak1D F1="4.547092" intensity="4.273217e-002" type="0"/>
    <Peak1D F1="4.527750" intensity="2.796640e-002" type="0"/>
    <Peak1D F1="4.505227" intensity="4.447246e-003" type="0"/>
    <Peak1D F1="4.495996" intensity="3.338585e-003" type="0"/>
    <Peak1D F1="4.489448" intensity="3.031596e-003" type="0"/>
    <Peak1D F1="4.481312" intensity="2.783139e-003" type="0"/>
    <Peak1D F1="4.470603" intensity="3.697525e-003" type="0"/>
    <Peak1D F1="4.459028" intensity="4.626359e-003" type="0"/>
    <Peak1D F1="4.452414" intensity="4.118268e-003" type="0"/>
    <Peak1D F1="4.426717" intensity="1.703644e-002" type="0"/>
    <Peak1D F1="4.413431" intensity="4.655060e-003" type="0"/>
    <Peak1D F1="4.404692" intensity="1.917006e-002" type="0"/>
    <Peak1D F1="4.399189" intensity="9.605690e-003" type="0"/>
    <Peak1D F1="4.391349" intensity="4.409825e-003" type="0"/>
    <Peak1D F1="4.384894" intensity="8.888746e-003" type="0"/>
    <Peak1D F1="4.370774" intensity="8.195119e-003" type="0"/>
    <Peak1D F1="4.363597" intensity="4.445642e-003" type="0"/>
    <Peak1D F1="4.357050" intensity="5.824329e-003" type="0"/>
    <Peak1D F1="4.341973" intensity="5.561022e-003" type="0"/>
    <Peak1D F1="4.308487" intensity="5.088845e-003" type="0"/>
    <Peak1D F1="4.305684" intensity="4.890874e-003" type="0"/>
    <Peak1D F1="4.291546" intensity="4.858336e-003" type="0"/>
    <Peak1D F1="4.272612" intensity="1.836113e-002" type="0"/>
    <Peak1D F1="4.266147" intensity="6.283429e-003" type="0"/>
    <Peak1D F1="4.246452" intensity="3.701401e-001" type="0"/>
    <Peak1D F1="4.232400" intensity="9.616368e-003" type="0"/>
    <Peak1D F1="4.224299" intensity="1.436437e-002" type="0"/>
    <Peak1D F1="4.210242" intensity="3.432277e-002" type="0"/>
    <Peak1D F1="4.196118" intensity="3.470542e-002" type="0"/>
    <Peak1D F1="4.181752" intensity="1.433511e-002" type="0"/>
    <Peak1D F1="4.174087" intensity="5.306205e-003" type="0"/>
    <Peak1D F1="4.159759" intensity="3.434045e-003" type="0"/>
    <Peak1D F1="4.155042" intensity="6.763609e-003" type="0"/>
    <Peak1D F1="4.140601" intensity="5.472771e-003" type="0"/>
    <Peak1D F1="4.130692" intensity="6.187397e-003" type="0"/>
    <Peak1D F1="4.113560" intensity="1.861127e-002" type="0"/>
    <Peak1D F1="4.110338" intensity="3.772876e-002" type="0"/>
    <Peak1D F1="4.094174" intensity="4.249145e-002" type="0"/>
    <Peak1D F1="4.059242" intensity="2.681890e-003" type="0"/>
    <Peak1D F1="4.036675" intensity="3.385198e-002" type="0"/>
    <Peak1D F1="4.013788" intensity="1.874259e-002" type="0"/>
    <Peak1D F1="3.999659" intensity="2.663250e-002" type="0"/>
    <Peak1D F1="3.990917" intensity="8.574370e-003" type="0"/>
    <Peak1D F1="3.985018" intensity="2.306300e-002" type="0"/>
    <Peak1D F1="3.961966" intensity="3.045654e-003" type="0"/>
    <Peak1D F1="3.947324" intensity="3.353216e-003" type="0"/>
    <Peak1D F1="3.926709" intensity="9.564478e-003" type="0"/>
    <Peak1D F1="3.908971" intensity="1.701619e-001" type="0"/>
    <Peak1D F1="3.892132" intensity="1.160610e-002" type="0"/>
    <Peak1D F1="3.881489" intensity="1.153387e-002" type="0"/>
    <Peak1D F1="3.863565" intensity="4.934941e-002" type="0"/>
    <Peak1D F1="3.845406" intensity="4.360679e-003" type="0"/>
    <Peak1D F1="3.838332" intensity="1.028368e-002" type="0"/>
    <Peak1D F1="3.831884" intensity="6.142231e-003" type="0"/>
    <Peak1D F1="3.822043" intensity="5.882016e-003" type="0"/>
    <Peak1D F1="3.804138" intensity="1.253442e-002" type="0"/>
    <Peak1D F1="3.790678" intensity="3.366291e-002" type="0"/>
    <Peak1D F1="3.784580" intensity="2.280899e-001" type="0"/>
    <Peak1D F1="3.779540" intensity="1.600253e-001" type="0"/>
    <Peak1D F1="3.776146" intensity="2.157722e-001" type="0"/>
    <Peak1D F1="3.771283" intensity="5.713317e-001" type="0"/>
    <Peak1D F1="3.766524" intensity="2.424933e-001" type="0"/>
    <Peak1D F1="3.763074" intensity="1.849098e-001" type="0"/>
    <Peak1D F1="3.758063" intensity="3.037226e-001" type="0"/>
    <Peak1D F1="3.748375" intensity="1.475994e+000" type="0"/>
    <Peak1D F1="3.734947" intensity="4.401720e-002" type="0"/>
    <Peak1D F1="3.720765" intensity="1.152362e-002" type="0"/>
    <Peak1D F1="3.699888" intensity="6.429486e-003" type="0"/>
    <Peak1D F1="3.689447" intensity="5.109414e-003" type="0"/>
    <Peak1D F1="3.684810" intensity="5.286015e-003" type="0"/>
    <Peak1D F1="3.665698" intensity="4.099991e-003" type="0"/>
    <Peak1D F1="3.655901" intensity="6.978195e-003" type="0"/>
    <Peak1D F1="3.636976" intensity="2.865144e-002" type="0"/>
    <Peak1D F1="3.622948" intensity="7.150330e-003" type="0"/>
    <Peak1D F1="3.611427" intensity="1.148782e-002" type="0"/>
    <Peak1D F1="3.592294" intensity="4.870893e-003" type="0"/>
    <Peak1D F1="3.583555" intensity="6.162959e-003" type="0"/>
    <Peak1D F1="3.561129" intensity="7.533014e-003" type="0"/>
    <Peak1D F1="3.546834" intensity="1.917929e-002" type="0"/>
    <Peak1D F1="3.538046" intensity="5.159133e-003" type="0"/>
    <Peak1D F1="3.532562" intensity="1.996838e-002" type="0"/>
    <Peak1D F1="3.518300" intensity="7.781093e-003" type="0"/>
    <Peak1D F1="3.503588" intensity="1.349367e-002" type="0"/>
    <Peak1D F1="3.498281" intensity="2.968601e-003" type="0"/>
    <Peak1D F1="3.491860" intensity="2.688867e-003" type="0"/>
    <Peak1D F1="3.469303" intensity="2.451190e-003" type="0"/>
    <Peak1D F1="3.455487" intensity="3.448789e-003" type="0"/>
    <Peak1D F1="3.441726" intensity="3.286596e-003" type="0"/>
    <Peak1D F1="3.427240" intensity="2.697065e-003" type="0"/>
    <Peak1D F1="3.392670" intensity="1.002393e-002" type="0"/>
    <Peak1D F1="3.382919" intensity="9.647440e-003" type="0"/>
    <Peak1D F1="3.370351" intensity="9.273375e-003" type="0"/>
    <Peak1D F1="3.360802" intensity="8.890892e-003" type="0"/>
    <Peak1D F1="3.334591" intensity="9.593593e-003" type="0"/>
    <Peak1D F1="3.318158" intensity="1.881226e-002" type="0"/>
    <Peak1D F1="3.302068" intensity="8.878321e-003" type="0"/>
    <Peak1D F1="3.289976" intensity="7.371821e-003" type="0"/>
    <Peak1D F1="3.267265" intensity="2.164376e-003" type="0"/>
    <Peak1D F1="3.253567" intensity="6.697861e-003" type="0"/>
    <Peak1D F1="3.226533" intensity="4.185948e-003" type="0"/>
    <Peak1D F1="3.216589" intensity="3.913440e-003" type="0"/>
    <Peak1D F1="3.208578" intensity="4.635566e-003" type="0"/>
    <Peak1D F1="3.205011" intensity="4.708120e-003" type="0"/>
    <Peak1D F1="3.199566" intensity="3.431045e-003" type="0"/>
    <Peak1D F1="3.187228" intensity="1.213876e-002" type="0"/>
    <Peak1D F1="3.171754" intensity="1.093676e-002" type="0"/>
    <Peak1D F1="3.159838" intensity="3.156248e-002" type="0"/>
    <Peak1D F1="3.144390" intensity="3.203413e-002" type="0"/>
    <Peak1D F1="3.133761" intensity="3.284981e-002" type="0"/>
    <Peak1D F1="3.120541" intensity="3.171972e-002" type="0"/>
    <Peak1D F1="3.106175" intensity="1.187731e-002" type="0"/>
    <Peak1D F1="3.092980" intensity="1.009447e-002" type="0"/>
    <Peak1D F1="3.082807" intensity="3.035908e-003" type="0"/>
    <Peak1D F1="3.068291" intensity="2.810483e-003" type="0"/>
    <Peak1D F1="3.045230" intensity="2.228346e-003" type="0"/>
    <Peak1D F1="3.031005" intensity="2.081960e-003" type="0"/>
    <Peak1D F1="2.877450" intensity="1.048136e-002" type="0"/>
    <Peak1D F1="2.861383" intensity="5.036550e-003" type="0"/>
    <Peak1D F1="2.846924" intensity="5.141329e-003" type="0"/>
    <Peak1D F1="2.838295" intensity="4.364377e-003" type="0"/>
    <Peak1D F1="2.832895" intensity="2.062728e-003" type="0"/>
    <Peak1D F1="2.824095" intensity="1.246154e-002" type="0"/>
    <Peak1D F1="2.809696" intensity="1.253038e-002" type="0"/>
    <Peak1D F1="2.800358" intensity="3.363932e-003" type="0"/>
    <Peak1D F1="2.795384" intensity="4.558728e-003" type="0"/>
    <Peak1D F1="2.791666" intensity="4.116436e-003" type="0"/>
    <Peak1D F1="2.777349" intensity="1.311456e-002" type="0"/>
    <Peak1D F1="2.762967" intensity="1.728560e-002" type="0"/>
    <Peak1D F1="2.751242" intensity="3.061507e-001" type="0"/>
    <Peak1D F1="2.736900" intensity="9.749972e-001" type="0"/>
    <Peak1D F1="2.722456" intensity="1.039139e+000" type="0"/>
    <Peak1D F1="2.713933" intensity="8.619040e-001" type="0"/>
    <Peak1D F1="2.708366" intensity="5.362932e-001" type="0"/>
    <Peak1D F1="2.699605" intensity="2.485245e+000" type="0"/>
    <Peak1D F1="2.694748" intensity="4.928291e-001" type="0"/>
    <Peak1D F1="2.685167" intensity="2.551821e+000" type="0"/>
    <Peak1D F1="2.679841" intensity="2.677516e-001" type="0"/>
    <Peak1D F1="2.670789" intensity="9.116286e-001" type="0"/>
    <Peak1D F1="2.667655" intensity="8.369759e-001" type="0"/>
    <Peak1D F1="2.653260" intensity="2.227401e+000" type="0"/>
    <Peak1D F1="2.638915" intensity="2.284819e+000" type="0"/>
    <Peak1D F1="2.630309" intensity="3.865843e-001" type="0"/>
    <Peak1D F1="2.624609" intensity="8.292505e-001" type="0"/>
    <Peak1D F1="2.615976" intensity="9.137934e-001" type="0"/>
    <Peak1D F1="2.608883" intensity="9.836675e-002" type="0"/>
    <Peak1D F1="2.601624" intensity="9.093717e-001" type="0"/>
    <Peak1D F1="2.587315" intensity="3.201119e-001" type="0"/>
    <Peak1D F1="2.574551" intensity="2.200466e-002" type="0"/>
    <Peak1D F1="2.571625" intensity="3.247315e-002" type="0"/>
    <Peak1D F1="2.560003" intensity="2.639781e-002" type="0"/>
    <Peak1D F1="2.557246" intensity="2.763734e-002" type="0"/>
    <Peak1D F1="2.545552" intensity="2.463905e-002" type="0"/>
    <Peak1D F1="2.543554" intensity="2.212525e-002" type="0"/>
    <Peak1D F1="2.539748" intensity="1.573430e-002" type="0"/>
    <Peak1D F1="2.531060" intensity="1.468429e-002" type="0"/>
    <Peak1D F1="2.528330" intensity="1.744155e-002" type="0"/>
    <Peak1D F1="2.525291" intensity="2.296558e-002" type="0"/>
    <Peak1D F1="2.511110" intensity="2.169556e-002" type="0"/>
    <Peak1D F1="2.503686" intensity="8.590657e-003" type="0"/>
    <Peak1D F1="2.496900" intensity="1.110093e-002" type="0"/>
    <Peak1D F1="2.488500" intensity="1.125864e-002" type="0"/>
    <Peak1D F1="2.474207" intensity="1.165809e-002" type="0"/>
    <Peak1D F1="2.460289" intensity="9.202180e-003" type="0"/>
    <Peak1D F1="2.455415" intensity="8.185840e-003" type="0"/>
    <Peak1D F1="2.432529" intensity="4.205544e-001" type="0"/>
    <Peak1D F1="2.417378" intensity="1.257186e+000" type="0"/>
    <Peak1D F1="2.402317" intensity="1.253576e+000" type="0"/>
    <Peak1D F1="2.387256" intensity="4.571761e-001" type="0"/>
    <Peak1D F1="2.374014" intensity="2.504208e-002" type="0"/>
    <Peak1D F1="2.358820" intensity="4.277517e-002" type="0"/>
    <Peak1D F1="2.343765" intensity="4.265977e-002" type="0"/>
    <Peak1D F1="2.331890" intensity="2.634872e-002" type="0"/>
    <Peak1D F1="2.329045" intensity="2.416861e-002" type="0"/>
    <Peak1D F1="2.314367" intensity="1.647324e-002" type="0"/>
    <Peak1D F1="2.309202" intensity="3.497266e-002" type="0"/>
    <Peak1D F1="2.302745" intensity="8.093321e-003" type="0"/>
    <Peak1D F1="2.290000" intensity="5.644142e-002" type="0"/>
    <Peak1D F1="2.272522" intensity="1.172107e-002" type="0"/>
    <Peak1D F1="2.257720" intensity="7.852759e-003" type="0"/>
    <Peak1D F1="2.242607" intensity="6.412001e-003" type="0"/>
    <Peak1D F1="2.227349" intensity="6.728079e-003" type="0"/>
    <Peak1D F1="2.215327" intensity="8.751972e-003" type="0"/>
    <Peak1D F1="2.189489" intensity="2.987481e+000" type="0"/>
    <Peak1D F1="2.166360" intensity="1.358042e-002" type="0"/>
    <Peak1D F1="2.157434" intensity="8.596756e-003" type="0"/>
    <Peak1D F1="2.149991" intensity="7.009364e-003" type="0"/>
    <Peak1D F1="2.139879" intensity="5.197451e-003" type="0"/>
    <Peak1D F1="2.118974" intensity="1.896063e-002" type="0"/>
    <Peak1D F1="2.101364" intensity="5.582768e-003" type="0"/>
    <Peak1D F1="2.086794" intensity="5.781164e-003" type="0"/>
    <Peak1D F1="2.072769" intensity="7.154818e-003" type="0"/>
    <Peak1D F1="2.060483" intensity="1.377456e-002" type="0"/>
    <Peak1D F1="2.043214" intensity="7.120077e-003" type="0"/>
    <Peak1D F1="2.028484" intensity="5.411061e-003" type="0"/>
    <Peak1D F1="2.021269" intensity="7.741983e-003" type="0"/>
    <Peak1D F1="2.006582" intensity="7.828135e-003" type="0"/>
    <Peak1D F1="1.992622" intensity="5.396478e-003" type="0"/>
    <Peak1D F1="1.981689" intensity="4.837838e-003" type="0"/>
    <Peak1D F1="1.967161" intensity="5.517138e-003" type="0"/>
    <Peak1D F1="1.953092" intensity="4.621986e-003" type="0"/>
    <Peak1D F1="1.938843" intensity="5.730102e-003" type="0"/>
    <Peak1D F1="1.933353" intensity="3.164030e-003" type="0"/>
    <Peak1D F1="1.911941" intensity="9.737283e-003" type="0"/>
    <Peak1D F1="1.908368" intensity="8.989367e-003" type="0"/>
    <Peak1D F1="1.903530" intensity="2.434939e-002" type="0"/>
    <Peak1D F1="1.889892" intensity="2.326040e-001" type="0"/>
    <Peak1D F1="1.883525" intensity="2.405022e-001" type="0"/>
    <Peak1D F1="1.876651" intensity="6.660664e-001" type="0"/>
    <Peak1D F1="1.872789" intensity="1.990947e-001" type="0"/>
    <Peak1D F1="1.869808" intensity="2.563018e-001" type="0"/>
    <Peak1D F1="1.863433" intensity="2.373144e-001" type="0"/>
    <Peak1D F1="1.849732" intensity="2.885157e-002" type="0"/>
    <Peak1D F1="1.841289" intensity="1.264068e-002" type="0"/>
    <Peak1D F1="1.834803" intensity="1.234023e-002" type="0"/>
    <Peak1D F1="1.832158" intensity="1.235979e-002" type="0"/>
    <Peak1D F1="1.778830" intensity="2.145164e-003" type="0"/>
    <Peak1D F1="1.765671" intensity="3.267027e-003" type="0"/>
    <Peak1D F1="1.756952" intensity="3.188779e-003" type="0"/>
    <Peak1D F1="1.741610" intensity="3.601175e-003" type="0"/>
    <Peak1D F1="1.727233" intensity="2.735898e-003" type="0"/>
    <Peak1D F1="1.606508" intensity="2.247181e-002" type="0"/>
    <Peak1D F1="1.574798" intensity="2.833574e-003" type="0"/>
    <Peak1D F1="1.560858" intensity="1.425898e-001" type="0"/>
    <Peak1D F1="1.472558" intensity="5.907296e-002" type="0"/>
    <Peak1D F1="1.463831" intensity="2.156956e-002" type="0"/>
    <Peak1D F1="1.449292" intensity="1.364703e-002" type="0"/>
    <Peak1D F1="1.436451" intensity="7.384242e-003" type="0"/>
    <Peak1D F1="1.424840" intensity="6.960853e-003" type="0"/>
    <Peak1D F1="1.416594" intensity="2.139282e-002" type="0"/>
    <Peak1D F1="1.410455" intensity="1.451046e-002" type="0"/>
    <Peak1D F1="1.406241" intensity="3.182466e-003" type="0"/>
    <Peak1D F1="1.396182" intensity="5.068789e-003" type="0"/>
    <Peak1D F1="1.392100" intensity="7.665955e-003" type="0"/>
    <Peak1D F1="1.377912" intensity="1.271216e-002" type="0"/>
    <Peak1D F1="1.363395" intensity="1.310044e-001" type="0"/>
    <Peak1D F1="1.348972" intensity="1.118568e-001" type="0"/>
    <Peak1D F1="1.338077" intensity="5.910278e-003" type="0"/>
    <Peak1D F1="1.333587" intensity="1.324404e-002" type="0"/>
    <Peak1D F1="1.324918" intensity="3.166627e-001" type="0"/>
    <Peak1D F1="1.309740" intensity="6.764151e-001" type="0"/>
    <Peak1D F1="1.299129" intensity="1.813588e-001" type="0"/>
    <Peak1D F1="1.293231" intensity="7.222909e+000" type="0"/>
    <Peak1D F1="1.285933" intensity="2.720911e-001" type="0"/>
    <Peak1D F1="1.277524" intensity="7.521199e-002" type="0"/>
    <Peak1D F1="1.274875" intensity="7.815354e-002" type="0"/>
    <Peak1D F1="1.271320" intensity="8.889071e-002" type="0"/>
    <Peak1D F1="1.260569" intensity="4.304342e-002" type="0"/>
    <Peak1D F1="1.258217" intensity="2.613846e-002" type="0"/>
    <Peak1D F1="1.252816" intensity="1.904171e-002" type="0"/>
    <Peak1D F1="1.246652" intensity="1.923276e-002" type="0"/>
    <Peak1D F1="1.243642" intensity="1.003429e-002" type="0"/>
    <Peak1D F1="1.237631" intensity="3.143536e-002" type="0"/>
    <Peak1D F1="1.232040" intensity="1.180403e-002" type="0"/>
    <Peak1D F1="1.228620" intensity="9.614865e-003" type="0"/>
    <Peak1D F1="1.222292" intensity="3.425143e-002" type="0"/>
    <Peak1D F1="1.217967" intensity="1.532343e-002" type="0"/>
    <Peak1D F1="1.212902" intensity="4.561811e-002" type="0"/>
    <Peak1D F1="1.207255" intensity="2.994724e-002" type="0"/>
    <Peak1D F1="1.196178" intensity="1.321755e+000" type="0"/>
    <Peak1D F1="1.181030" intensity="2.631899e+000" type="0"/>
    <Peak1D F1="1.165887" intensity="1.264139e+000" type="0"/>
    <Peak1D F1="1.150424" intensity="2.369870e-002" type="0"/>
    <Peak1D F1="1.141620" intensity="1.500606e-002" type="0"/>
    <Peak1D F1="1.138272" intensity="1.041771e-002" type="0"/>
    <Peak1D F1="1.133437" intensity="1.344971e-002" type="0"/>
    <Peak1D F1="1.126973" intensity="1.218700e-002" type="0"/>
    <Peak1D F1="1.123677" intensity="1.517556e-002" type="0"/>
    <Peak1D F1="1.119778" intensity="1.503115e-002" type="0"/>
    <Peak1D F1="1.116561" intensity="1.318644e-002" type="0"/>
    <Peak1D F1="1.109380" intensity="7.301614e-002" type="0"/>
    <Peak1D F1="1.094823" intensity="2.035691e-001" type="0"/>
    <Peak1D F1="1.085950" intensity="7.273105e+000" type="0"/>
    <Peak1D F1="1.071674" intensity="1.500000e+001" type="0"/>
    <Peak1D F1="1.057236" intensity="7.277714e+000" type="0"/>
    <Peak1D F1="1.041416" intensity="1.405971e-001" type="0"/>
    <Peak1D F1="1.028070" intensity="5.755095e-002" type="0"/>
    <Peak1D F1="1.022028" intensity="4.805915e-002" type="0"/>
    <Peak1D F1="1.018112" intensity="3.690355e-002" type="0"/>
    <Peak1D F1="1.013996" intensity="3.556037e-002" type="0"/>
    <Peak1D F1="1.007599" intensity="3.157602e-002" type="0"/>
    <Peak1D F1="1.003941" intensity="3.481389e-002" type="0"/>
    <Peak1D F1="0.993776" intensity="2.517417e-002" type="0"/>
    <Peak1D F1="0.989909" intensity="2.668626e-002" type="0"/>
    <Peak1D F1="0.982523" intensity="2.097694e-002" type="0"/>
    <Peak1D F1="0.976453" intensity="2.039199e-002" type="0"/>
    <Peak1D F1="0.955239" intensity="5.804415e-002" type="0"/>
    <Peak1D F1="0.940827" intensity="9.281732e-002" type="0"/>
    <Peak1D F1="0.926496" intensity="5.204818e-002" type="0"/>
    <Peak1D F1="0.897779" intensity="1.415251e-002" type="0"/>
    <Peak1D F1="0.892884" intensity="1.300769e-002" type="0"/>
    <Peak1D F1="0.886664" intensity="1.376858e-002" type="0"/>
    <Peak1D F1="0.873610" intensity="1.399604e-002" type="0"/>
    <Peak1D F1="0.860063" intensity="1.184800e-002" type="0"/>
    <Peak1D F1="0.846272" intensity="1.318280e-002" type="0"/>
    <Peak1D F1="0.832656" intensity="1.094266e-002" type="0"/>
    <Peak1D F1="0.799608" intensity="7.185132e-003" type="0"/>
    <Peak1D F1="0.785065" intensity="6.515363e-003" type="0"/>
    <Peak1D F1="0.654308" intensity="4.167394e-003" type="0"/>
    <Peak1D F1="0.624617" intensity="3.707608e-003" type="0"/>
    <Peak1D F1="0.602506" intensity="3.502027e-003" type="0"/>
    <Peak1D F1="0.528788" intensity="3.074620e-003" type="0"/>
    <Peak1D F1="0.514496" intensity="2.665956e-003" type="0"/>
    <Peak1D F1="0.476587" intensity="2.466415e-003" type="0"/>
    <Peak1D F1="0.429889" intensity="2.522733e-003" type="0"/>
    <Peak1D F1="0.415160" intensity="2.285501e-003" type="0"/>
    <Peak1D F1="0.090943" intensity="3.021900e-003" type="0"/>
  </PeakList1D>
</PeakList>
