<?xml version="1.0" encoding="UTF-8"?>
<PeakList>
  <PeakList1D>
    <PeakList1DHeader creator="nmrstaff" date="2020-06-04T06:22:41.440+10:00" expNo="2" name="200603_nsmi3063_50036407746" owner="" procNo="1" source="C:/NMRDATA/RENDINA/RENDINA">
      <PeakPickDetails>F1=209.671402ppm, F2=-19.707264ppm, MI=0.00cm, MAXI=10000.00cm, PC=1.400
      </PeakPickDetails>
    </PeakList1DHeader>
    <Peak1D F1="173.132568" intensity="3.007752e+000" type="0"/>
    <Peak1D F1="171.055023" intensity="2.420966e+000" type="0"/>
    <Peak1D F1="166.125839" intensity="1.020943e+000" type="0"/>
    <Peak1D F1="138.727951" intensity="1.278821e+000" type="0"/>
    <Peak1D F1="138.273468" intensity="7.503556e+000" type="0"/>
    <Peak1D F1="137.950180" intensity="2.054751e+000" type="0"/>
    <Peak1D F1="137.877029" intensity="2.809732e+000" type="0"/>
    <Peak1D F1="137.743484" intensity="4.437119e+000" type="0"/>
    <Peak1D F1="137.711121" intensity="6.959378e+000" type="0"/>
    <Peak1D F1="137.611374" intensity="1.295790e+001" type="0"/>
    <Peak1D F1="137.212128" intensity="1.158392e+001" type="0"/>
    <Peak1D F1="133.996429" intensity="7.716988e-001" type="0"/>
    <Peak1D F1="133.820877" intensity="2.757143e+000" type="0"/>
    <Peak1D F1="133.175339" intensity="7.202381e-001" type="0"/>
    <Peak1D F1="132.468414" intensity="6.956998e-001" type="0"/>
    <Peak1D F1="131.747879" intensity="2.157964e+000" type="0"/>
    <Peak1D F1="131.409073" intensity="4.502110e+000" type="0"/>
    <Peak1D F1="131.324921" intensity="3.195118e+000" type="0"/>
    <Peak1D F1="131.298584" intensity="1.253624e+001" type="0"/>
    <Peak1D F1="131.276001" intensity="2.439742e+000" type="0"/>
    <Peak1D F1="131.003845" intensity="6.995607e+000" type="0"/>
    <Peak1D F1="130.011398" intensity="1.588796e+000" type="0"/>
    <Peak1D F1="129.966171" intensity="1.149728e+001" type="0"/>
    <Peak1D F1="129.796204" intensity="7.113081e+000" type="0"/>
    <Peak1D F1="129.679321" intensity="1.551709e+000" type="0"/>
    <Peak1D F1="129.569641" intensity="1.700156e+000" type="0"/>
    <Peak1D F1="119.811684" intensity="1.656349e+000" type="0"/>
    <Peak1D F1="117.214111" intensity="6.722750e-001" type="0"/>
    <Peak1D F1="100.547943" intensity="1.294092e+000" type="0"/>
    <Peak1D F1="93.590828" intensity="1.171160e+000" type="0"/>
    <Peak1D F1="92.529022" intensity="2.529856e+000" type="0"/>
    <Peak1D F1="92.424713" intensity="1.023941e+000" type="0"/>
    <Peak1D F1="92.306099" intensity="2.329391e+000" type="0"/>
    <Peak1D F1="91.569145" intensity="1.854011e+000" type="0"/>
    <Peak1D F1="77.280739" intensity="1.068377e+002" type="0"/>
    <Peak1D F1="77.026726" intensity="1.084265e+002" type="0"/>
    <Peak1D F1="76.772697" intensity="1.073421e+002" type="0"/>
    <Peak1D F1="76.062569" intensity="9.271638e-001" type="0"/>
    <Peak1D F1="75.729095" intensity="5.394040e+000" type="0"/>
    <Peak1D F1="71.809105" intensity="1.219744e+000" type="0"/>
    <Peak1D F1="71.250847" intensity="3.393790e+000" type="0"/>
    <Peak1D F1="71.115250" intensity="6.339631e+000" type="0"/>
    <Peak1D F1="64.165565" intensity="1.429670e+000" type="0"/>
    <Peak1D F1="50.055233" intensity="7.562554e-001" type="0"/>
    <Peak1D F1="49.042065" intensity="2.129968e+000" type="0"/>
    <Peak1D F1="40.951626" intensity="6.640659e+000" type="0"/>
    <Peak1D F1="35.451996" intensity="1.901713e+000" type="0"/>
    <Peak1D F1="35.284966" intensity="1.059711e+000" type="0"/>
    <Peak1D F1="28.881723" intensity="1.088067e+000" type="0"/>
    <Peak1D F1="28.738974" intensity="5.956713e+000" type="0"/>
    <Peak1D F1="28.697847" intensity="9.150402e-001" type="0"/>
    <Peak1D F1="27.873083" intensity="3.356814e+000" type="0"/>
    <Peak1D F1="27.689617" intensity="6.986179e+000" type="0"/>
    <Peak1D F1="24.867285" intensity="4.928640e+000" type="0"/>
    <Peak1D F1="23.304354" intensity="3.906972e+000" type="0"/>
    <Peak1D F1="22.820213" intensity="7.831323e-001" type="0"/>
    <Peak1D F1="19.169083" intensity="7.564127e+000" type="0"/>
    <Peak1D F1="19.060772" intensity="1.296997e+001" type="0"/>
    <Peak1D F1="19.016653" intensity="1.500000e+001" type="0"/>
    <Peak1D F1="18.916382" intensity="1.326130e+000" type="0"/>
    <Peak1D F1="18.606848" intensity="1.588589e+000" type="0"/>
    <Peak1D F1="12.521494" intensity="4.988092e+000" type="0"/>
    <Peak1D F1="11.986767" intensity="8.500580e-001" type="0"/>
    <Peak1D F1="7.756188" intensity="1.973771e+000" type="0"/>
  </PeakList1D>
</PeakList>
