<?xml version="1.0" encoding="UTF-8"?>
<PeakList>
  <PeakList1D>
    <PeakList1DHeader creator="nmrstaff" date="2020-06-04T23:52:46.098+10:00" expNo="2" name="200603_nsmi3063_50036407094" owner="" procNo="1" source="C:\NMRDATA\RENDINA\RENDINA">
      <PeakPickDetails>F1=209.671402ppm, F2=-19.707264ppm, MI=0.00cm, MAXI=10000.00cm, PC=1.400
      </PeakPickDetails>
    </PeakList1DHeader>
    <Peak1D F1="198.964905" intensity="2.643541e+000" type="0"/>
    <Peak1D F1="179.200119" intensity="4.485016e-001" type="0"/>
    <Peak1D F1="169.874847" intensity="1.868770e-001" type="0"/>
    <Peak1D F1="140.180252" intensity="1.397707e-001" type="0"/>
    <Peak1D F1="135.514801" intensity="2.302655e+000" type="0"/>
    <Peak1D F1="134.183258" intensity="2.353537e-001" type="0"/>
    <Peak1D F1="131.524551" intensity="9.359623e-001" type="0"/>
    <Peak1D F1="130.827377" intensity="3.780888e-001" type="0"/>
    <Peak1D F1="130.624390" intensity="2.352078e-001" type="0"/>
    <Peak1D F1="130.592590" intensity="2.626055e-001" type="0"/>
    <Peak1D F1="130.266449" intensity="2.022425e-001" type="0"/>
    <Peak1D F1="129.983673" intensity="3.602634e-001" type="0"/>
    <Peak1D F1="129.935989" intensity="4.683743e-001" type="0"/>
    <Peak1D F1="129.809143" intensity="1.465200e+001" type="0"/>
    <Peak1D F1="129.652237" intensity="8.215061e-001" type="0"/>
    <Peak1D F1="129.593292" intensity="2.697163e-001" type="0"/>
    <Peak1D F1="129.559235" intensity="3.049609e-001" type="0"/>
    <Peak1D F1="129.535477" intensity="3.212693e-001" type="0"/>
    <Peak1D F1="129.420547" intensity="2.145861e-001" type="0"/>
    <Peak1D F1="129.343109" intensity="2.020617e+000" type="0"/>
    <Peak1D F1="129.296341" intensity="1.500000e+001" type="0"/>
    <Peak1D F1="129.069778" intensity="5.415525e-001" type="0"/>
    <Peak1D F1="129.014954" intensity="1.865271e-001" type="0"/>
    <Peak1D F1="128.877487" intensity="5.314398e-001" type="0"/>
    <Peak1D F1="128.851105" intensity="9.694442e-001" type="0"/>
    <Peak1D F1="128.663132" intensity="1.626965e-001" type="0"/>
    <Peak1D F1="128.377808" intensity="3.053990e+000" type="0"/>
    <Peak1D F1="127.849213" intensity="1.943309e-001" type="0"/>
    <Peak1D F1="119.259346" intensity="1.267335e-001" type="0"/>
    <Peak1D F1="117.397583" intensity="1.760857e-001" type="0"/>
    <Peak1D F1="116.025681" intensity="2.264872e+000" type="0"/>
    <Peak1D F1="87.696198" intensity="3.233364e-001" type="0"/>
    <Peak1D F1="77.296196" intensity="1.606329e+001" type="0"/>
    <Peak1D F1="77.042038" intensity="1.644754e+001" type="0"/>
    <Peak1D F1="76.787819" intensity="1.618977e+001" type="0"/>
    <Peak1D F1="69.441162" intensity="1.368394e-001" type="0"/>
    <Peak1D F1="67.958542" intensity="7.649922e-001" type="0"/>
    <Peak1D F1="49.826759" intensity="7.407251e+000" type="0"/>
    <Peak1D F1="45.979954" intensity="1.297708e-001" type="0"/>
    <Peak1D F1="44.692184" intensity="1.721683e-001" type="0"/>
    <Peak1D F1="41.226761" intensity="1.196481e-001" type="0"/>
    <Peak1D F1="33.366165" intensity="6.872702e+000" type="0"/>
    <Peak1D F1="31.178186" intensity="1.732295e+000" type="0"/>
    <Peak1D F1="30.918951" intensity="5.175605e-001" type="0"/>
    <Peak1D F1="28.285690" intensity="2.937279e-001" type="0"/>
    <Peak1D F1="27.160810" intensity="1.173016e+000" type="0"/>
    <Peak1D F1="25.596197" intensity="7.584395e-001" type="0"/>
    <Peak1D F1="23.107967" intensity="9.570335e-001" type="0"/>
    <Peak1D F1="11.553404" intensity="2.819434e-001" type="0"/>
    <Peak1D F1="8.857115" intensity="1.230565e+000" type="0"/>
    <Peak1D F1="7.585506" intensity="6.609605e+000" type="0"/>
  </PeakList1D>
</PeakList>
